연번,Element ID,"항목명
(영문)","항목명
(국문)","필수
여부",OID,항목검증룰,"관계
Element ID",최대길이,"데이터 
유형",허용치,nullFlavor,비고,항목검증룰(변경내역),Question,CRSCUBE ANSWER
1,N.1.1,Types of Message in batch,배치의 ICSR 유형,필수,2.16.840.1.113883.3.989.2.1.1.1,"1. 필수값으로 항목값 여부 검증
2. 입력값이 2자리 이하인지 검증
3. 입력값은 숫자 ""1""만 허용",,2,N,1=ichicsr,,,"1. OID 비교 검증
2. 필수값으로 항목값 여부 검증
3. 입력값이 2자리 이하인지 검증
4. 입력값은 숫자 ""1""만 허용","1. batch는 여러 개의 ICSR를 포함한 1개의 XML 파일로 알고 있습니다. Batch를 사용하지 않고 xml 파일 1개 당 ICSR를 1개씩 보고하는 경우, N 항목이 필요 없는지 문의 드립니다. 
2. 화면 보고에서는 N 항목이 필요 없는지 문의 드립니다.","- N항목까지가 표준 XML입니다. 즉 case가 1개여도 동일 구조로 해야 합니다.
- 화면 보고는 화면의 내용만 입력하면 됩니다."
2,N.1.2,Batch Number,배치 번호,필수,2.16.840.1.113883.3.989.2.1.3.22,"1. 필수값으로 항목값 여부 검증
2. 입력값이 100자 이하인지 검증",,100,AN,자유기재,,,"1. OID 비교 검증
2. 필수값으로 항목값 여부 검증
3. 입력값이 100자 이하인지 검증",,
3,N.1.3,Batch Sender Identifier,배치 보고자 ID,필수,2.16.840.1.113883.3.989.2.1.3.13,"1. 필수값으로 항목값 여부 검증
2. 입력값이 60자 이하인지 검증",,60,AN,자유기재,,,"1. OID 비교 검증
2. 필수값으로 항목값 여부 검증
3. 입력값이 60자 이하인지 검증
4. 입력값은 부여한 sender ID와 비교 검증
   - CT-O-0000000000 / CT-T-0000000000
   - CU-O-0000000000 / CU-T-0000000000
   - KR-O-0000000000 / KR-T-0000000000
   - FR-O-0000000000 / FR-T-0000000000",- 이부분은 변경되었으므로 수정이 필요할 것 같습니다.(1개의 Sender ID로 변경됨),-https://nedrug.mfds.go.kr/CCCBB06F010 에서 새로운 1개의 Sender ID 받는 화면으로 변경되었고 그 외 연계 ID도 추가되었습니다.
4,N.1.4,Batch Receiver Identifier,배치 수신자 ID,필수,2.16.840.1.113883.3.989.2.1.3.14,"1. 필수값으로 항목값 여부 검증
2. 입력값이 60자 이하인지 검증
3. 허용된 입력값 검증",,60,AN,자유기재,,"분야별 4개 분리
 - 임상시험 :  MFDS-O-CT (테스트환경 - MFDS-T-CT)
 - 치료목적 :  MFDS-O-CU (테스트환경 - MFDS-T-CU)
 - 시판후국내 :  MFDS-O-KR (테스트환경 - MFDS-T-KR)
 - 시판후국외 :  MFDS-O-FR (테스트환경 - MFDS-T-FR)","1. OID 비교 검증
2. 필수값으로 항목값 여부 검증
3. 입력값이 60자 이하인지 검증
4. 입력값은 ""MFDS""만 허용",- sender ID 분류가 삭제됨에 따라 새로 Receiver ID 분류가 생성된 것인가요?,-네 맞습니다.
5,N.1.5,Date of Batch Transmission,배치 전송 날짜,필수,,"1. 필수값으로 항목값 여부 검증
2. 입력값이 날짜 형식인지 검증
3. 초단위까지 입력되었는지 검증
4. 미래날짜는 입력불가 ",,-,Date/Time,CCYYMMDDhhmmss[+/-ZZzz],,,"1. 필수값으로 항목값 여부 검증
2. 입력값이 날짜 형식인지 검증
3. 초단위까지 입력되었는지 검증
4. 미래날짜는 입력불가 ",,
6,N.2.r.1,Message Identifier,ICSR 식별자,필수,2.16.840.1.113883.3.989.2.1.3.1,"1. 필수값으로 항목값 여부 검증
2. 입력값이 100자 이하인지 검증",,100,AN,자유기재,,,"1. OID 비교 검증
2. 필수값으로 항목값 여부 검증
3. 입력값이 100자 이하인지 검증",,
7,N.2.r.2,Message Sender Identifier,ICSR 보고자 ID,필수,2.16.840.1.113883.3.989.2.1.3.11,"1. 필수값으로 항목값 여부 검증
2. 입력값이 60자 이하인지 검증",,60,AN,자유기재,,,"1. OID 비교 검증
2. 필수값으로 항목값 여부 검증
3. 입력값이 60자 이하인지 검증
4. 입력값은 부여한 sender ID와 비교 검증
   - CT-O-0000000000 / CT-T-0000000000
   - CU-O-0000000000 / CU-T-0000000000
   - KR-O-0000000000 / KR-T-0000000000
   - FR-O-0000000000 / FR-T-0000000000

1)임상시험: 아래 조건을 모두 충족하는 경우
가. N.2.r.2의 message sender identifier가 임상시험(CT-O-0000000000 / CT-T-0000000000)인 경우
나. C.1.3의 항목값은 ""2=report from study"" 이어야함
다. C.5.4의 항목값은 ""1=clinical trials"" 이어야함
라. C.5.1.r.1에 임상시험승인번호 입력
마. C.5.3에 임상시험일련번호 입력
바. C.5.1.r.1의 입력값과 C.5.3의 입력값이 임상시험계획의 승인 대장에 입력된 임상시험승인번호 및 일련번호와 일치하는지 확인
사. G.k.1의 항목값은 ""1"" 이어야함
아. C.1.7의 항목값은 ""예"" 이어야함

2)임상시험용 의약품 치료목적 사용 건: 아래 조건을 모두 충족하는 경우
가. N.2.r.2의 message sender identifier가 임상시험(CU-O-0000000000 / CU-T-0000000000)인 경우
나. C.1.3의 항목값은 ""2=report from study"" 이어야함
다. C.5.4의 항목값은 ""2=individual patient use(compassionate use)"" 이어야함
라. C.5.1.r.1에 임상시험승인번호 입력
마. C.5.3에 임상시험일련번호 입력
바. C.5.1.r.1의 입력값과 C.5.3의 입력값이 임상시험계획의 승인 대장에 입력된 임상시험승인번호 및 일련번호와 일치하는지 확인
사. G.k.1의 항목값은 ""1"" 이어야함
아. C.1.7의 항목값은 ""예"" 이어야함",,
8,N.2.r.3,Message Receiver Identifier,ICSR 수신자 ID,필수,2.16.840.1.113883.3.989.2.1.3.12,"1. 필수값으로 항목값 여부 검증
2. 입력값이 60자 이하인지 검증
3. 입력값은 ""MFDS""만 허용",,60,AN,자유기재,,"분야별 4개 분리
 - 임상시험 :  MFDS-O-CT (테스트환경 - MFDS-T-CT)
 - 치료목적 :  MFDS-O-CU (테스트환경 - MFDS-T-CU)
 - 시판후국내 :  MFDS-O-KR (테스트환경 - MFDS-T-KR)
 - 시판후국외 :  MFDS-O-FR (테스트환경 - MFDS-T-FR)","1. OID 비교 검증
2. 필수값으로 항목값 여부 검증
3. 입력값이 60자 이하인지 검증
4. 입력값은 ""MFDS""만 허용",,
9,N.2.r.4,Date of Message Creation,ICSR 작성일,필수,,"1. 필수값으로 항목값 여부 검증
2. 입력값이 날짜 형식인지 검증
3. 초단위까지 입력되었는지 검증
4. 미래날짜는 입력불가",C.1.2,-,Date/Time,CCYYMMDDhhmmss[+/-ZZzz],,,"1. 필수값으로 항목값 여부 검증
2. 입력값이 날짜 형식인지 검증
3. 초단위까지 입력되었는지 검증
4. 미래날짜는 입력불가
5. C.1.2와 동일한지 검증",,
10,C.1.1,Sender’s (case) Safety Report Unique Identifier,보고자관리번호,필수,2.16.840.1.113883.3.989.2.1.3.1,"1. 필수값으로 항목값 여부 검증
2. 입력값이 100자 이하인지 검증",,100,AN,"자유기재
(국가코드-회사명-보고서번호)",,,"1. OID 비교 검증
2. 필수값으로 항목값 여부 검증
3. 입력값이 100자 이하인지 검증",,
11,C.1.2,Date of Creation,작성일,필수,,"1. 필수값으로 항목값 여부 검증
2. 입력값이 날짜 형식인지 검증
3. 초단위까지 입력되었는지 검증
4. 미래날짜는 입력불가
5. N.2.r.4와 동일한지 검증",N.2.r.4,-,Date/Time,CCYYMMDDhhmmss[+/-ZZzz],,,"1. 필수값으로 항목값 여부 검증
2. 입력값이 날짜 형식인지 검증
3. 초단위까지 입력되었는지 검증
4. 미래날짜는 입력불가
5. N.2.r.4와 동일한지 검증",,
12,C.1.3,Type of Report,보고 구분,필수,2.16.840.1.113883.3.989.2.1.1.2,"1. 필수값으로 항목값 여부 검증
2. 입력값이 1자 이하인지 검증
3. 입력값은 ""1"",""2"",""3"",""4""만 허용함
 1) N.2.r.3 항목값이 임상시험(CT)의 경우 ""2""만 허용
 2) N.2.r.3 항목값이 치료목적사용(CU)의 경우 ""2""만 허용",N.2.r.3,1,N,"1=자발적 보고
2=시험/연구에서 보고
3=기타
4=정보 이용불가(불명)",,,"1. OID 비교 검증
2. 필수값으로 항목값 여부 검증
3. 입력값이 1자 이하인지 검증
4. 입력값은 ""1"",""2"",""3"",""4""만 허용함
 1) N.2.r.3 항목값이 임상시험(CT)의 경우 ""2""만 허용
 2) N.2.r.3 항목값이 치료목적사용(CU)의 경우 ""2""만 허용
5. 입력값이 ""2""인 경우 C.5.4항목이 필수로 입력되어야 함

1)임상시험: 아래 조건을 모두 충족하는 경우
가. N.2.r.2의 message sender identifier가 임상시험(CT-O-0000000000 / CT-T-0000000000)인 경우
나. C.1.3의 항목값은 ""2=report from study"" 이어야함
다. C.5.4의 항목값은 ""1=clinical trials"" 이어야함
라. C.5.1.r.1에 임상시험승인번호 입력
마. C.5.3에 임상시험일련번호 입력
바. C.5.1.r.1의 입력값과 C.5.3의 입력값이 임상시험계획의 승인 대장에 입력된 임상시험승인번호 및 일련번호와 일치하는지 확인
사. G.k.1의 항목값은 ""1"" 이어야함
아. C.1.7의 항목값은 ""예"" 이어야함

2)임상시험용 의약품 치료목적 사용 건: 아래 조건을 모두 충족하는 경우
가. N.2.r.2의 message sender identifier가 임상시험(CU-O-0000000000 / CU-T-0000000000)인 경우
나. C.1.3의 항목값은 ""2=report from study"" 이어야함
다. C.5.4의 항목값은 ""2=individual patient use(compassionate use)"" 이어야함
라. C.5.1.r.1에 임상시험승인번호 입력
마. C.5.3에 임상시험일련번호 입력
바. C.5.1.r.1의 입력값과 C.5.3의 입력값이 임상시험계획의 승인 대장에 입력된 임상시험승인번호 및 일련번호와 일치하는지 확인
사. G.k.1의 항목값은 ""1"" 이어야함
아. C.1.7의 항목값은 ""예"" 이어야함","MFDS Report Type이 KR이면서 PMS, OS, 기타 연구의 경우  2번 허용됩니까?  

2번이 아닐 경우 C.5(Study Indetification)의 내용은 본 항목이 2번일 경우만 기재하는 것으로 이해하고 있는데 중 Other Studies Type (C.5.4.KR.1)는 기재하도록 되어 있어서 충돌 할 것 같습니다. ",
13,C.1.4,Date Report Was First Received from Source,최초 발생인지일,필수,,"1. 필수값으로 항목값 여부 검증
2. 입력값이 날짜 형식인지 검증
3. 최소 CCYYMMDD까지 입력되었는지 검증
4. 미래날짜는 입력불가 ",,-,Date/Time,CCYYMMDD (Minimum),,,"1. 필수값으로 항목값 여부 검증
2. 입력값이 날짜 형식인지 검증
3. 최소 CCYYMMDD까지 입력되었는지 검증
4. 미래날짜는 입력불가 ",,
14,C.1.5,Date of Most Recent Information for This Report,가장 최근의 발생인지일,필수,,"1. 필수값으로 항목값 여부 검증
2. 입력값이 날짜 형식인지 검증
3. 최소 CCYYMMDD까지 입력되었는지 검증
4. 미래날짜는 입력불가
5. C.1.4 항목에서의 날짜보다 과거일수 없음(동일할수 있음)",C.1.4,-,Date/Time,CCYYMMDD (Minimum),,,"1. 필수값으로 항목값 여부 검증
2. 입력값이 날짜 형식인지 검증
3. 최소 CCYYMMDD까지 입력되었는지 검증
4. 미래날짜는 입력불가
5. C.1.4 항목에서의 날짜보다 과거일수 없음(동일할수 있음)",,
15,C.1.6.1,Are Additional Documents Available?,추가 자료 여부,필수,2.16.840.1.113883.3.989.2.1.1.19,"1. 필수값으로 항목값 여부 검증
2. 입력값은 ""예"",""아니오""만 허용함","C.1.6.1.r.1, 
C.1.6.1.r.2",-,Boolean,"예
아니오",,,"1. OID 비교 검증
2. 필수값으로 항목값 여부 검증
3. 입력값은 ""예"",""아니오""만 허용함
4. 입력값이 ""예""인 경우 C.1.6.1.r.1항목이 필수로 입력되어야 함",,
16,C.1.6.1.r.1,Documents Held by Sender,자료 설명,조건부필수,2.16.840.1.113883.3.989.2.1.1.27,"1. 조건부필수값으로 C.1.6.1항목값이 ""예""인 경우 항목값 입력여부 검증
 1) C.1.6.1항목값이 ""예""인 경우 필수
2. 입력값이 2000자 이하인지 검증",C.1.6.1,2000,AN,자유기재,,,"1. 조건부필수값으로 C.1.6.1항목값이 ""예""인 경우 항목값 입력여부 검증
 1) C.1.6.1항목값이 ""예""인 경우 필수
2. OID 비교 검증
3. 입력값이 2000자 이하인지 검증",,
17,C.1.6.1.r.2,Included Documents,첨부 문서,비필수,,"1. 비필수으로, 항목에 입력값이 있는 경우 첨부된 파일이 허용하는 형식인지 검증
2. 압푹파일 첨부불가 ",C.1.6.1,-,N/A,"PDF, JPEG/JPG, TXT, RTF, TIFF/TIF, HTML, Doc, Docx, XLS, XLSX, DICOM",,,"1. 비필수으로, 항목에 입력값이 있는 경우 첨부된 파일이 허용하는 형식인지 검증
2. 첨부불가 DICOM, ZIP",,
18,C.1.7,Does This Case Fulfil the Local Criteria for an Expedited Report?,신속보고 여부,필수,2.16.840.1.113883.3.989.2.1.1.19,"1. 필수값으로 항목값 여부 검증
2. 입력값은 ""예"",""아니오""만 허용함
 1) N.2.r.3 항목값이 임상시험(CT)의 경우 ""예""만 허용
 2) N.2.r.3 항목값이 치료목적사용(CU)의 경우 ""예""만 허용
3.  nullflavor는 ""NI""만 허용함",N.2.r.3,-,Boolean,"예
아니오",NI,,"1. OID 비교 검증
2. 필수값으로 항목값 여부 검증
3. 입력값은 ""예"",""아니오""만 허용함
 1) N.2.r.3 항목값이 임상시험(CT)의 경우 ""예""만 허용
 2) N.2.r.3 항목값이 치료목적사용(CU)의 경우 ""예""만 허용
4.  nullflavor는 ""NI""만 허용함

1)임상시험: 아래 조건을 모두 충족하는 경우
가. N.2.r.2의 message sender identifier가 임상시험(CT-O-0000000000 / CT-T-0000000000)인 경우
나. C.1.3의 항목값은 ""2=report from study"" 이어야함
다. C.5.4의 항목값은 ""1=clinical trials"" 이어야함
라. C.5.1.r.1에 임상시험승인번호 입력
마. C.5.3에 임상시험일련번호 입력
바. C.5.1.r.1의 입력값과 C.5.3의 입력값이 임상시험계획의 승인 대장에 입력된 임상시험승인번호 및 일련번호와 일치하는지 확인
사. G.k.1의 항목값은 ""1"" 이어야함
아. C.1.7의 항목값은 ""예"" 이어야함

2)임상시험용 의약품 치료목적 사용 건: 아래 조건을 모두 충족하는 경우
가. N.2.r.2의 message sender identifier가 임상시험(CU-O-0000000000 / CU-T-0000000000)인 경우
나. C.1.3의 항목값은 ""2=report from study"" 이어야함
다. C.5.4의 항목값은 ""2=individual patient use(compassionate use)"" 이어야함
라. C.5.1.r.1에 임상시험승인번호 입력
마. C.5.3에 임상시험일련번호 입력
바. C.5.1.r.1의 입력값과 C.5.3의 입력값이 임상시험계획의 승인 대장에 입력된 임상시험승인번호 및 일련번호와 일치하는지 확인
사. G.k.1의 항목값은 ""1"" 이어야함
아. C.1.7의 항목값은 ""예"" 이어야함",,
19,C.1.8.1,Worldwide Unique Case Identification,고유식별 보고자관리번호,필수,2.16.840.1.113883.3.989.2.1.3.2,"1. 필수값으로 항목값 여부 검증
2. 입력값이 100자 이하인지 검증",,100,AN,"자유기재
(국가코드-회사명-보고서번호)",,,"1. OID 비교 검증
2. 필수값으로 항목값 여부 검증
3. 입력값이 100자 이하인지 검증",,
20,C.1.8.2,First Sender of This Case,최초 보고자 규제당국 여부,필수,2.16.840.1.113883.3.989.2.1.1.3,"1. 필수값으로 항목값 여부 검증
2. 입력값이 1자 이하인지 검증
3. 입력값은 ""1"",""2""만 허용함",,1,N,"1=규제 당국
2=기타",,"행정기관 및 공공기관이 아닌 경우 ""2=기타"" 입력","1. OID 비교 검증
2. 필수값으로 항목값 여부 검증
3. 입력값이 1자 이하인지 검증
4. 입력값은 ""1"",""2""만 허용함",,
21,C.1.9.1,Other Case Identifiers in Previous Transmissions,이전 전송에서의 기타 보고자관리번호 유무,필수,2.16.840.1.113883.3.989.2.1.1.23,"1. 필수값으로 항목값 여부 검증
2. 입력값은 ""예""만 허용함
3. nullflavor는 ""NI""만 허용함
4. 입력값이 ""예""인 경우 C.1.9.1.r.1, C.1.9.1.r.2항목이 필수로 입력되어야 함","C.1.9.1.r.1, 
C.1.9.1.r.2",-,Boolean,예,NI,,"1. OID 비교 검증
2. 필수값으로 항목값 여부 검증
3. 입력값은 ""예""만 허용함
4. nullflavor는 ""NI""만 허용함
5. 입력값이 ""예""인 경우 C.1.9.1.r.1, C.1.9.1.r.2항목이 필수로 입력되어야 함",,
22,C.1.9.1.r.1,Source(s) of the Case Identifier,자료원,조건부필수,2.16.840.1.113883.3.989.2.1.3.3,"1. 조건부필수값으로 C.1.9.1 항목이 ""예""인 경우 항목값 여부 검증
 1) C.1.9.1항목값이 ""예""인 경우 필수
2. 입력값이 100자 이하인지 검증",C.1.9.1,100,AN,자유기재,,,"1. 조건부필수값으로 C.1.9.1 항목이 ""예""인 경우 항목값 여부 검증
 1) C.1.9.1항목값이 ""예""인 경우 필수
2. OID 비교 검증
3. 입력값이 100자 이하인지 검증",,
23,C.1.9.1.r.2,Case Identifier(s),보고자관리번호,조건부필수,2.16.840.1.113883.3.989.2.1.3.3,"1. 조건부필수값으로 C.1.9.1 항목이 ""예""인 경우 항목값 여부 검증
 1) C.1.9.1항목값이 ""예""인 경우 필수
2. 입력값이 100자 이하인지 검증",C.1.9.1,100,AN,"자유기재
(국가코드-회사명-보고서번호)",,,"1. 조건부필수값으로 C.1.9.1 항목이 ""예""인 경우 항목값 여부 검증
 1) C.1.9.1항목값이 ""예""인 경우 필수
2. OID 비교 검증
3. 입력값이 100자 이하인지 검증
",,
24,C.1.10.r,Identification Number of the Report Which Is Linked to This Report ,참조보고의 보고자관리번호,비필수,2.16.840.1.113883.3.989.2.1.3.2,"1. 비필수로 항목에 값이 있는 경우 
2. 입력값이 100자 이하인지 검증",,100,AN,자유기재,,,"1. 비필수로 항목에 값이 있는 경우 OID 비교 검증
2. 입력값이 100자 이하인지 검증",,
25,C.1.11.1,Report Nullification / Amendment,보고 무효화/수정,비필수,2.16.840.1.113883.3.989.2.1.1.5,"1. 비필수로 항목에 값이 있는 경우 검증
2. 입력값이 1자 이하인지 검증
3. 입력값은 ""1"",""2""만 허용함",C.1.11.2,1,N,"1=무효화
2=수정",,,"1. 비필수로 항목에 값이 있는 경우 OID 비교 검증
2. 입력값이 1자 이하인지 검증
3. 입력값은 ""1"",""2""만 허용함
4. 항목에 값이 입력된 경우 C.1.11.2항목에 입력값 입력 여부 검증
5. ""1""을 입력한 경우 동일한 C.1.8.1을 기준으로 초회보고 및 추적보고 모두 무효화 됨
6. ""2""를 입력한 경우 동일한 C.1.8.1을 기준으로 C.1.5가 동일한 같은 건이 수정되는 건에 해당함 ","- 본 개정에서 무효화/수정 방법이 분류되었습니다. 다음의 저의 이해가 맞는 것인지요? '수정 시' 시간 순으로 가장 나중에 보고되는 케이스가 분석대상이 되는 것인지요?
무효화시: 동일한 고유식별 보고자 관리번호 내 모든 케이스 삭제*
수정시: 동일한 고유식별 보고자 관리번호 내 Day 0가 동일한 이전 케이스에서 정보 수정
*삭제: 분석대상에서 제외되나 보고 기록으로는 남아있음.",
26,C.1.11.2,Reason for Nullification / Amendment,보고 무효화/수정 이유,조건부필수,2.16.840.1.113883.3.989.2.1.1.23,"1. 조건부필수값으로 C.1.11.1 항목에 값이 있는 경우 항목값 여부 검증
 1) C.1.11.1항목값이 ""예""인 경우 필수
2. 입력값이 2000자 이하인지 검증",C.1.11.1,2000,AN,자유기재,,,"1. 조건부필수값으로 C.1.11.1 항목에 값이 있는 경우 항목값 여부 검증
 1) C.1.11.1항목값이 ""예""인 경우 필수
2. OID 비교 검증
3. 입력값이 2000자 이하인지 검증",,
27,C.2.r.1.1,Reporter’s Title,원보고자의 직위,비필수,,"1. 비필수로 항목에 값이 있는 경우 항목길이 및 nullflavor에 대해 검증
2. 입력값이 50자 이하인지 검증
3. nullflavor는 ""MSK"", ""ASKU"", ""NASK"", ""UNK"" 만 허용",,50,AN,자유기재,"MSK, ASKU, NASK, UNK",,"1. 비필수로 항목에 값이 있는 경우 항목길이 및 nullflavor에 대해 검증
2. 입력값이 50자 이하인지 검증
3. nullflavor는 ""MSK"", ""ASKU"", ""NASK"", ""UNK"" 만 허용",,
28,C.2.r.1.2,Reporter’s Given Name,원보고자의 이름,비필수,,"1. 비필수로 항목에 값이 있는 경우 항목길이 및 nullflavor에 대해 검증
2. 입력값이 60자 이하인지 검증
3. nullflavor는 ""MSK"", ""ASKU"", ""NASK"" 만 허용
4. 임상시험과 치료목적 사용승인의 경우 필수값으로 검증",N.2.r.3,60,AN,자유기재,"MSK, ASKU, NASK",임상시험과 치료목적 사용승인의 경우 필수값,"1. 비필수로 항목에 값이 있는 경우 항목길이 및 nullflavor에 대해 검증
2. 입력값이 60자 이하인지 검증
3. nullflavor는 ""MSK"", ""ASKU"", ""NASK"" 만 허용
4. 한국인의 경우 C.2.r.1.2항목에 풀네임을 작성하도록 안내할 예정 / 풀네임이 아니더라도 입력 가능
5. 임상시험과 치료목적 사용승인의 경우 필수값으로 검증

1)임상시험: 아래 조건을 모두 충족하는 경우
가. N.2.r.2의 message sender identifier가 임상시험(CT-O-0000000000 / CT-T-0000000000)인 경우
나. C.1.3의 항목값은 ""2=report from study"" 이어야함
다. C.5.4의 항목값은 ""1=clinical trials"" 이어야함
라. C.5.1.r.1에 임상시험승인번호 입력
마. C.5.3에 임상시험일련번호 입력
바. C.5.1.r.1의 입력값과 C.5.3의 입력값이 임상시험계획의 승인 대장에 입력된 임상시험승인번호 및 일련번호와 일치하는지 확인
사.  C.1.7의 항목값은 ""예"" 이어야함

2)임상시험용 의약품 치료목적 사용 건: 아래 조건을 모두 충족하는 경우
가. N.2.r.2의 message sender identifier가 임상시험(CU-O-0000000000 / CU-T-0000000000)인 경우
나. C.1.3의 항목값은 ""2=report from study"" 이어야함
다. C.5.4의 항목값은 ""2=individual patient use(compassionate use)"" 이어야함
라. C.5.1.r.1에 임상시험승인번호 입력
마. C.5.3에 임상시험일련번호 입력
바. C.5.1.r.1의 입력값과 C.5.3의 입력값이 임상시험계획의 승인 대장에 입력된 임상시험승인번호 및 일련번호와 일치하는지 확인
사. C.1.7의 항목값은 ""예"" 이어야함",,
29,C.2.r.1.3,Reporter’s Middle Name,원보고자의 중간 이름,비필수,,"1. 비필수로 항목에 값이 있는 경우 항목길이 및 nullflavor에 대해 검증
2. 입력값이 60자 이하인지 검증
3. nullflavor는 ""MSK"", ""ASKU"", ""NASK"" 만 허용",,60,AN,자유기재,"MSK, ASKU, NASK",,"1. 비필수로 항목에 값이 있는 경우 항목길이 및 nullflavor에 대해 검증
2. 입력값이 60자 이하인지 검증
3. nullflavor는 ""MSK"", ""ASKU"", ""NASK"" 만 허용",,
30,C.2.r.1.4,Reporter’s Family Name,원보고자의 성,비필수,,"1. 비필수로 항목에 값이 있는 경우 항목길이 및 nullflavor에 대해 검증
2. 입력값이 60자 이하인지 검증
3. nullflavor는 ""MSK"", ""ASKU"", ""NASK"" 만 허용",,60,AN,자유기재,"MSK, ASKU, NASK",,"1. 비필수로 항목에 값이 있는 경우 항목길이 및 nullflavor에 대해 검증
2. 입력값이 60자 이하인지 검증
3. nullflavor는 ""MSK"", ""ASKU"", ""NASK"" 만 허용",,
31,C.2.r.2.1,Reporter’s Organisation,원보고자의 조직,비필수,,"1. 비필수로 항목에 값이 있는 경우 항목길이 및 nullflavor에 대해 검증
2. 입력값이 60자 이하인지 검증
3. nullflavor는 ""MSK"", ""ASKU"", ""NASK"" 만 허용
5. 임상시험과 치료목적 사용승인의 경우 필수값으로 검증",,60,AN,자유기재,"MSK, ASKU, NASK",임상시험과 치료목적 사용승인의 경우 필수값,"1. 비필수로 항목에 값이 있는 경우 항목길이 및 nullflavor에 대해 검증
2. 입력값이 60자 이하인지 검증
3. nullflavor는 ""MSK"", ""ASKU"", ""NASK"" 만 허용
5. 임상시험과 치료목적 사용승인의 경우 필수값으로 검증",,
32,C.2.r.2.2,Reporter’s Department,원보고자의 부서,비필수,,"1. 비필수로 항목에 값이 있는 경우 항목길이 및 nullflavor에 대해 검증
2. 입력값이 60자 이하인지 검증
3. nullflavor는 ""MSK"", ""ASKU"", ""NASK"" 만 허용",,60,AN,자유기재,"MSK, ASKU, NASK",,"1. 비필수로 항목에 값이 있는 경우 항목길이 및 nullflavor에 대해 검증
2. 입력값이 60자 이하인지 검증
3. nullflavor는 ""MSK"", ""ASKU"", ""NASK"" 만 허용",,
33,C.2.r.2.3,Reporter’s Street,원보고자의 주소(상세주소),비필수,,"1. 비필수로 항목에 값이 있는 경우 항목길이 및 nullflavor에 대해 검증
2. 입력값이 100자 이하인지 검증
3. nullflavor는 ""MSK"", ""ASKU"", ""NASK"" 만 허용
4. 임상시험과 치료목적 사용승인의 경우 C.2.r.2.3, C.2.r.2.4, C.2.r.2.5 중에 최소 1항목 입력 검증","C.2.r.2.4, 
C.2.r.2.5",100,AN,자유기재,"MSK, ASKU, NASK","임상시험과 치료목적 사용승인의 경우 필수값
 * C.2.r.2.3, C.2.r.2.4, C.2.r.2.5 중 1개","1. 비필수로 항목에 값이 있는 경우 항목길이 및 nullflavor에 대해 검증
2. 입력값이 100자 이하인지 검증
3. nullflavor는 ""MSK"", ""ASKU"", ""NASK"" 만 허용
4. 임상시험과 치료목적 사용승인의 경우 C.2.r.2.3, C.2.r.2.4, C.2.r.2.5 중에 최소 1항목 입력 검증",,
34,C.2.r.2.4,Reporter’s City,원보고자의 주소(도로명과 번호),비필수,,"1. 비필수로 항목에 값이 있는 경우 항목길이 및 nullflavor에 대해 검증
2. 입력값이 35자 이하인지 검증
3. nullflavor는 ""MSK"", ""ASKU"", ""NASK"" 만 허용
4. 임상시험과 치료목적 사용승인의 경우 C.2.r.2.3, C.2.r.2.4, C.2.r.2.5 중에 최소 1항목 입력 검증","C.2.r.2.3, 
C.2.r.2.5",35,AN,자유기재,"MSK, ASKU, NASK","임상시험과 치료목적 사용승인의 경우 필수값
 * C.2.r.2.3, C.2.r.2.4, C.2.r.2.5 중 1개","1. 비필수로 항목에 값이 있는 경우 항목길이 및 nullflavor에 대해 검증
2. 입력값이 35자 이하인지 검증
3. nullflavor는 ""MSK"", ""ASKU"", ""NASK"" 만 허용
4. 임상시험과 치료목적 사용승인의 경우 C.2.r.2.3, C.2.r.2.4, C.2.r.2.5 중에 최소 1항목 입력 검증",,
35,C.2.r.2.5,Reporter’s State or Province,"원보고자의 주소(특별시, 광역시, 도 등)",비필수,,"1. 비필수로 항목에 값이 있는 경우 항목길이 및 nullflavor에 대해 검증
2. 입력값이 40자 이하인지 검증
3. nullflavor는 ""MSK"", ""ASKU"", ""NASK"" 만 허용
4. 임상시험과 치료목적 사용승인의 경우 C.2.r.2.3, C.2.r.2.4, C.2.r.2.5 중에 최소 1항목 입력 검증","C.2.r.2.3, 
C.2.r.2.4",40,AN,자유기재,"MSK, ASKU, NASK","임상시험과 치료목적 사용승인의 경우 필수값
 * C.2.r.2.3, C.2.r.2.4, C.2.r.2.5 중 1개","1. 비필수로 항목에 값이 있는 경우 항목길이 및 nullflavor에 대해 검증
2. 입력값이 40자 이하인지 검증
3. nullflavor는 ""MSK"", ""ASKU"", ""NASK"" 만 허용
4. 임상시험과 치료목적 사용승인의 경우 C.2.r.2.3, C.2.r.2.4, C.2.r.2.5 중에 최소 1항목 입력 검증",,
36,C.2.r.2.6,Reporter’s Postcode,원보고자의 주소(우편번호),비필수,,"1. 비필수로 항목에 값이 있는 경우 항목길이 및 nullflavor에 대해 검증
2. 입력값이 15자 이하인지 검증
3. nullflavor는 ""MSK"", ""ASKU"", ""NASK"" 만 허용",,15,AN,자유기재,"MSK, ASKU, NASK",,"1. 비필수로 항목에 값이 있는 경우 항목길이 및 nullflavor에 대해 검증
2. 입력값이 15자 이하인지 검증
3. nullflavor는 ""MSK"", ""ASKU"", ""NASK"" 만 허용",,
37,C.2.r.2.7,Reporter’s Telephone,원보고자의 전화번호,비필수,,"1. 비필수로 항목에 값이 있는 경우 항목길이 및 nullflavor에 대해 검증
2. 입력값이 33자 이하인지 검증
3. nullflavor는 ""MSK"", ""ASKU"", ""NASK"" 만 허용",,33,AN,자유기재,"MSK, ASKU, NASK",,"1. 비필수로 항목에 값이 있는 경우 항목길이 및 nullflavor에 대해 검증
2. 입력값이 33자 이하인지 검증
3. nullflavor는 ""MSK"", ""ASKU"", ""NASK"" 만 허용",,
38,C.2.r.3,Reporter’s Country Code,원보고자의 국가코드,조건부필수,1.0.3166.1.2.2,"1. 조건부필수항목으로 C.2.r.5 항목값이 ""1""인 경우 항목값 여부 검증
 1) C.2.r.5 항목값이 ""1""인 경우 필수
2. 입력값이 2자리 이하인지 검증
3. 입력값은 알파벳만 허용함
4. 입력값이 ""ISO 3166-1 alpha-2""에 포함된 값인지 검증
5. 입력값에 ""EU"" 허용함",C.2.r.5,2,A,"ISO 3166-1 alpha-2, EU",,,"1. 조건부필수항목으로 C.2.r.5 항목값이 ""1""인 경우 항목값 여부 검증
 1) C.2.r.5 항목값이 ""1""인 경우 필수
2. OID 비교 검증
3. 입력값이 2자리 이하인지 검증
4. 입력값은 알파벳만 허용함
5. 입력값이 ""ISO 3166-1 alpha-2""에 포함된 값인지 검증
6. 입력값에 ""EU"" 허용함",,
39,C.2.r.4,Qualification,원보고자의 자격,필수,2.16.840.1.113883.3.989.2.1.1.6,"1. 필수값으로 항목값 여부 검증
2. 입력값이 1자 이하인지 검증
3. 입력값은 ""1"",""2"",""3"",""4"",""5""만 허용함
4. nullflavor는 ""UNK""만 허용함
 1) N.2.r.3 항목값이 임상시험 보고인 경우 nullflavor 허용하지 않음",N.2.r.3,1,N,"1=의사, 치과의사, 한의사
2=약사, 한약사
3=기타 의료전문가
4=변호사
5=소비자 또는 기타 비의료전문가",UNK,임상시험 보고인 경우 nullflavor 허용하지 않음,"1. OID 비교 검증
2. 필수값으로 항목값 여부 검증
3. 입력값이 1자 이하인지 검증
4. 입력값은 ""1"",""2"",""3"",""4"",""5""만 허용함
5. nullflavor는 ""UNK""만 허용함
 1) N.2.r.3 항목값이 임상시험 보고인 경우 nullflavor 허용하지 않음
6. N.2.r.2 항목값이 임상시험 보고인 경우 nullflavor ""UNK"" 허용하지 않음",,
40,C.2.r.4.KR.1,Other Health Professional Type,기타 의료전문가 구분,비필수,2.16.840.1.113883.3.989.5.1.10.1.1,"1. N.2.r.3 항목값이 국내보고의 경우와 C.2.r.4 항목에 ""3""을 선택한 경우에만 항목값 여부 검증
2. 입력값이 1자 이하인지 검증
3. 입력값은 ""1"",""2""만 허용함
 1) 항목값 검증시 입력값이 없을경우 ""2"" 자동 입력","N.2.r.3, 
C.2.r.4",1,N,"1=간호사
2=기타",,,"1. OID 비교 검증
2. 조건부필수값으로 N.2.r.2 항목값이 국내보고의 경우와 C.2.r.4 항목에 ""3""을 선택한 경우에만 필수값으로 항목값 여부 검증
2. N.2.r.3 항목값이 국내보고의 경우와 C.2.r.4 항목에 ""3""을 선택한 경우에만 항목값 여부 검증
3. 입력값이 1자 이하인지 검증
4. 입력값은 ""1"",""2""만 허용함
 1) 항목값 검증시 입력값이 없을경우 ""2"" 자동 입력",,
41,C.2.r.5,Primary Source for Regulatory Purposes,규제 목적 상 원보고자,조건부필수,,"1. C.2.r 입력된 값중 1번만 입력되어야 함
2. 입력값이 1자 이하인지 검증
3. 입력값은 ""1""만 허용함",,1,N,1=원보고자(규제목적 상의 원보고자),,,"1. C.2.r.4항목이 1개 이상 입력된 경우 검증
2. C.2.r 입력된 값중 1번만 입력되어야 함
3. 입력값이 1자 이하인지 검증
4. 입력값은 ""1""만 허용함",,
42,C.3.1,Sender Type,보고자 구분,필수,2.16.840.1.113883.3.989.2.1.1.7,"1. 필수값으로 항목값 여부 검증
2. 입력값이 1자 이하인지 검증
3. 입력값은 ""1"",""2"",""3"",""4"",""5"",""6"",""7""만 허용함",,1,N,"1=제약회사
2=규제당국
3=의료 전문가
4=지역의약품안전센터
5=WHO 국제의약품모니터링센터
6=기타(예: 유통 업체 또는 기타 단체)
7=환자/소비자",,,"1. OID 비교 검증
2. 필수값으로 항목값 여부 검증
3. 입력값이 1자 이하인지 검증
4. 입력값은 ""1"",""2"",""3"",""4"",""5"",""6"",""7""만 허용함
5. N.2.r.2 항목값이 국내보고의 경우이고 입력값이 ""3""인 경우 C.3.1.KR항목이 필수로 입력되어야 함","화면 보고 시 제약회사에서 sender ID로 로그인하여 보고할 경우, C.3.1 보고자 구분 이하 항목이 고정되어 있어 매번 추가 기재할 필요가 없게 되는지 문의 드립니다.",
43,C.3.1.KR.1,Health Professional Type,의료 전문가 상세구분,비필수,2.16.840.1.113883.3.989.5.1.10.1.2,"1. N.2.r.3 항목값이 국내보고의 경우와 C.3.1 항목에 ""3""을 선택한 경우에만 항목값 여부 검증
2. 입력값이 1자 이하인지 검증
3. 입력값은 ""1"",""2"",""3"",""4""만 허용함
 1) 항목값 검증시 입력값이 없을경우 ""4"" 자동 입력","N.2.r.3, 
C.3.1",1,N,"1=병의원
2=약국
3=보건소
4=기타",,"값이 없는 경우 4 기타로 코딩되어야 함
 * 항목값 검증시 입력값이 없을경우 ""4"" 자동 입력","1. 조건부필수값으로 N.2.r.2 항목값이 국내보고의 경우이고 C.3.1 항목 입력값이 ""3""인 경우 필수값으로 검증
1. N.2.r.3 항목값이 국내보고의 경우와 C.3.1 항목에 ""3""을 선택한 경우에만 항목값 여부 검증
2. 입력값이 1자 이하인지 검증
3. 입력값은 ""1"",""2"",""3"",""4""만 허용함
 1) 항목값 검증시 입력값이 없을경우 ""2"" 자동 입력",,
44,C.3.2,Sender’s Organisation,보고자의 조직,조건부필수,,"1. 조건부필수값으로 C.3.1값이 ""1"",""2"",""3"",""4"",""5"",""6""인 경우 항목값 여부 검증
2. 입력값이 100자 이하인지 검증",C.3.1,100,AN,자유기재,,,"1. 조건부필수값으로 C.3.1값이 ""1"",""2"",""3"",""4"",""5"",""6""인 경우 항목값 여부 검증
2. 입력값이 100자 이하인지 검증",,
45,C.3.3.1,Sender’s Department,보고자의 부서,비필수,,"1. 비필수로 입력값이 있는 경우 검증
2. 입력값이 60자 이하인지 검증 ",,60,AN,자유기재,,,"1. 비필수로 입력값이 있는 경우 검증
2. 입력값이 60자 이하인지 검증 ",,
46,C.3.3.2,Sender’s Title,보고자의 직위,비필수,,"1. 비필수로 입력값이 있는 경우 검증
2. 입력값이 50자 이하인지 검증 ",,50,AN,자유기재,,,"1. 비필수로 입력값이 있는 경우 검증
2. 입력값이 50자 이하인지 검증 ",,
47,C.3.3.3,Sender’s Given Name,보고자의 이름,비필수,,"1. 비필수로 입력값이 있는 경우 검증
2. 입력값이 60자 이하인지 검증
3. 임상시험과 치료목적 사용승인의 경우 필수값으로 검증",,60,AN,자유기재,,임상시험과 치료목적 사용승인의 경우 필수값,"1. 비필수로 입력값이 있는 경우 검증
2. 입력값이 60자 이하인지 검증
3. 임상시험과 치료목적 사용승인의 경우 필수값으로 검증",,
48,C.3.3.4,Sender’s Middle Name,보고자의 중간 이름,비필수,,"1. 비필수로 입력값이 있는 경우 검증
2. 입력값이 60자 이하인지 검증 ",,60,AN,자유기재,,,"1. 비필수로 입력값이 있는 경우 검증
2. 입력값이 60자 이하인지 검증 ",,
49,C.3.3.5,Sender’s Family Name,보고자의 성,비필수,,"1. 비필수로 입력값이 있는 경우 검증
2. 입력값이 60자 이하인지 검증 ",,60,AN,자유기재,,,"1. 비필수로 입력값이 있는 경우 검증
2. 입력값이 60자 이하인지 검증 ",,
50,C.3.4.1,Sender’s Street Address,보고자의 주소(상세주소),비필수,,"1. 비필수로 입력값이 있는 경우 검증
2. 입력값이 100자 이하인지 검증 ",,100,AN,자유기재,,,"1. 비필수로 입력값이 있는 경우 검증
2. 입력값이 100자 이하인지 검증 ",,
51,C.3.4.2,Sender’s City,보고자의 주소(도로명과 번호),비필수,,"1. 비필수로 입력값이 있는 경우 검증
2. 입력값이 35자 이하인지 검증 ",,35,AN,자유기재,,,"1. 비필수로 입력값이 있는 경우 검증
2. 입력값이 35자 이하인지 검증 ",,
52,C.3.4.3,Sender’s State or Province,"보고자의 주소(특별시, 광역시, 도 등)",비필수,,"1. 비필수로 입력값이 있는 경우 검증
2. 입력값이 40자 이하인지 검증 ",,40,AN,자유기재,,,"1. 비필수로 입력값이 있는 경우 검증
2. 입력값이 40자 이하인지 검증 ",,
53,C.3.4.4,Sender’s Postcode,보고자의 주소(우편번호),비필수,,"1. 비필수로 입력값이 있는 경우 검증
2. 입력값이 15자 이하인지 검증 ",,15,AN,자유기재,,,"1. 비필수로 입력값이 있는 경우 검증
2. 입력값이 15자 이하인지 검증 ",,
54,C.3.4.5,Sender’s Country Code,보고자의 주소(국가코드),비필수,1.0.3166.1.2.2,"1. 비필수로 입력값이 있는 경우 검증
2. 입력값이 2자 이하인지 검증
3. 입력된 값이 ""ISO 3166-1 alpha-2"" 포함된 값인지 검증",,2,AN,ISO 3166-1 alpha-2,,"""EU"" 코드 허용하지 않음","1. 비필수로 입력값이 있는 경우 검증
2. OID 비교 검증
3. 입력값이 2자 이하인지 검증
4. 입력된 값이 ""ISO 3166-1 alpha-2"" 포함된 값인지 검증
5. 입력값 ""EU""는 허용하지 않음",,
55,C.3.4.6,Sender’s Telephone,보고자의 전화번호,비필수,,"1. 비필수로 입력값이 있는 경우 검증
2. 입력값이 33자 이하인지 검증 ",,33,AN,자유기재,,,"1. 비필수로 입력값이 있는 경우 검증
2. 입력값이 33자 이하인지 검증 ",,
56,C.3.4.7,Sender’s Fax,보고자의 팩스번호,비필수,,"1. 비필수로 입력값이 있는 경우 검증
2. 입력값이 33자 이하인지 검증 ",,33,AN,자유기재,,,"1. 비필수로 입력값이 있는 경우 검증
2. 입력값이 33자 이하인지 검증 ",,
57,C.3.4.8,Sender’s E-mail Address,보고자의 이메일,비필수,,"1. 비필수로 입력값이 있는 경우 검증
2. 입력값이 100자 이하인지 검증 ",,100,AN,자유기재,,,"1. 비필수로 입력값이 있는 경우 검증
2. 입력값이 100자 이하인지 검증 ",,
58,C.4.r.1,Literature Reference(s),문헌 제목,비필수,2.16.840.1.113883.3.989.2.1.1.27,"1. 비필수로 입력값이 있는 경우 검증
2. 입력값이 500자 이하인지 검증
3. nullflavor는 ""ASKU"", ""NASK"" 만 허용함",,500,AN,자유기재,"ASKU, NASK",,"1. 비필수로 입력값이 있는 경우 검증
2. 입력값이 500자 이하인지 검증
3. nullflavor는 ""ASKU"", ""NASK"" 만 허용함",,
59,C.4.r.2,Included Documents,첨부 문서,비필수,,"1. 비필수로 입력값이 있는 경우 검증
2. 입력값이 있는 경우 첨부된 파일이 허용하는 형식인지 검증",,-,N/A,"PDF, JPEG/JPG, TXT, RTF, TIFF/TIF, HTML, Doc, Docx, XLS, XLSX, DICOM 형식 지정 필요성 협의 필요함",,,"1. 비필수로 입력값이 있는 경우 검증
2. 입력값이 있는 경우 첨부된 파일이 허용하는 형식인지 검증",,
60,C.5.1.r.1,Study Registration Number,시험/연구 등록 번호,비필수,2.16.840.1.113883.3.989.2.1.3.6,"1. 비필수로 입력값 있는경우 검증하고, N.2.r.3항목의 입력값에 따라 필수값으로 검증
 1) N.2.r.3 항목값이 임상시험(CT)의 경우 필수값으로 항목값 여부 검증
 2) N.2.r.3 항목값이 치료목적사용(CU)의 경우 필수값으로 항목값 여부 검증
2. 입력값이 50자 이하인지 검증
3. nullflavor는 ""ASKU"", ""NASK"" 만 허용하고, N.2.r.3항목의 입력값에 따라 nullflavor 허용하지 않음
 1) N.2.r.3 항목값이 임상시험(CT)의 경우 nullflavor 허용하지 않음
 2) N.2.r.3 항목값이 치료목적사용(CU)의 경우 nullflavor 허용하지 않음
4. 임상시험과 치료목적 사용승인의 경우 필수값으로 검증
 1) C.5.3의 임상시험일련번호 참조하여 임상시험승인대장의 승인번호와 대조 검증","N.2.r.3, 
C.5.3",50,AN,자유기재,"ASKU, NASK
임상에서는 nullflavor 허용하지 않음",임상시험과 치료목적 사용승인의 경우 필수값,"1. 임상시험과 치료목적 사용의 경우에만 필수값으로 밸리데이션 설정하고 nullflavor 허용하지 않음
1. 비필수로 입력값 있는경우 검증하고, N.2.r.3항목의 입력값에 따라 필수값으로 검증
 1) N.2.r.3 항목값이 임상시험(CT)의 경우 필수값으로 항목값 여부 검증
 2) N.2.r.3 항목값이 치료목적사용(CU)의 경우 필수값으로 항목값 여부 검증
2. OID 비교 검증
3. 입력값이 50자 이하인지 검증
4. nullflavor는 ""ASKU"", ""NASK"" 만 허용하고, N.2.r.3항목의 입력값에 따라 nullflavor 허용하지 않음
 1) N.2.r.3 항목값이 임상시험(CT)의 경우 nullflavor 허용하지 않음
 2) N.2.r.3 항목값이 치료목적사용(CU)의 경우 nullflavor 허용하지 않음
5. 임상시험과 치료목적 사용승인의 경우 필수값으로 검증
 1) C.5.3의 임상시험일련번호 참조하여 임상시험승인대장의 승인번호와 대조 검증

1)임상시험: 아래 조건을 모두 충족하는 경우
가. N.2.r.2의 message sender identifier가 임상시험(CT-O-0000000000 / CT-T-0000000000)인 경우
나. C.1.3의 항목값은 ""2=report from study"" 이어야함
다. C.5.4의 항목값은 ""1=clinical trials"" 이어야함
라. C.5.1.r.1에 임상시험승인번호 입력
마. C.5.3에 임상시험일련번호 입력
바. C.5.1.r.1의 입력값과 C.5.3의 입력값이 임상시험계획의 승인 대장에 입력된 임상시험승인번호 및 일련번호와 일치하는지 확인
사. C.1.7의 항목값은 ""예"" 이어야함

2)임상시험용 의약품 치료목적 사용 건: 아래 조건을 모두 충족하는 경우
가. N.2.r.2의 message sender identifier가 임상시험(CU-O-0000000000 / CU-T-0000000000)인 경우
나. C.1.3의 항목값은 ""2=report from study"" 이어야함
다. C.5.4의 항목값은 ""2=individual patient use(compassionate use)"" 이어야함
라. C.5.1.r.1에 임상시험승인번호 입력
마. C.5.3에 임상시험일련번호 입력
바. C.5.1.r.1의 입력값과 C.5.3의 입력값이 임상시험계획의 승인 대장에 입력된 임상시험승인번호 및 일련번호와 일치하는지 확인
사.  C.1.7의 항목값은 ""예"" 이어야함",,
61,C.5.1.r.2,Study Registration Country,시험/연구 등록 국가,비필수,1.0.3166.1.2.2,"1. 비필수로 입력값이 있는 경우 검증
2. 입력값이 2자 이하인지 검증
3. ISO 3166-1 alpha-2, EU에 따른 코드 검증
4. nullflavor는 ""ASKU"", ""NASK"" 만 허용함",,2,A,"ISO 3166-1 alpha-2, EU ","ASKU, NASK",,"1. 비필수로 입력값이 있는 경우 검증
2. 입력값이 2자 이하인지 검증
3. ISO 3166-1 alpha-2, EU에 따른 코드 검증
4. nullflavor는 ""ASKU"", ""NASK"" 만 허용함",,
62,C.5.2,Study Name,시험/연구 계획서 제목,비필수,,"1. 비필수로 입력값 있는경우 검증하고, N.2.r.3항목의 입력값에 따라 필수값으로 검증
 1) N.2.r.3 항목값이 임상시험(CT)의 경우 필수값으로 항목값 여부 검증
 2) N.2.r.3 항목값이 치료목적사용(CU)의 경우 필수값으로 항목값 여부 검증
2. 임상시험승인대장의 승인번호와 대조 검증
3. 입력값이 50자 이하인지 검증",N.2.r.3,2000,AN,자유기재,"ASKU, NASK
임상에서는 nullflavor 허용하지 않음",임상시험과 치료목적 사용승인의 경우 필수값,"1. 임상시험과 치료목적 사용의 경우에만 필수값으로 밸리데이션 설정하고 nullflavor 허용하지 않음
1. 비필수로 입력값 있는경우 검증하고, N.2.r.3항목의 입력값에 따라 필수값으로 검증
 1) N.2.r.3 항목값이 임상시험(CT)의 경우 필수값으로 항목값 여부 검증
 2) N.2.r.3 항목값이 치료목적사용(CU)의 경우 필수값으로 항목값 여부 검증
2. 임상시험승인대장의 승인번호와 대조 검증
3. 입력값이 50자 이하인지 검증",,
63,C.5.3,Sponsor Study Number,"시험/연구 계획서 번호
(승인받은 임상시험의 경우 임상시험 일련번호 기재)",비필수,2.16.840.1.113883.3.989.2.1.3.5,"1. 비필수로 입력값 있는경우 검증하고, N.2.r.3항목의 입력값에 따라 필수값으로 검증
 1) N.2.r.3 항목값이 임상시험(CT)의 경우 필수값으로 항목값 여부 검증
 2) N.2.r.3 항목값이 치료목적사용(CU)의 경우 필수값으로 항목값 여부 검증
2. 입력값이 50자 이하인지 검증
3. nullflavor는 ""ASKU"", ""NASK"" 만 허용하고, N.2.r.3항목의 입력값에 따라 nullflavor 허용하지 않음
 1) N.2.r.3 항목값이 임상시험(CT)의 경우 nullflavor 허용하지 않음
 2) N.2.r.3 항목값이 치료목적사용(CU)의 경우 nullflavor 허용하지 않음
4. 임상시험과 치료목적 사용승인의 경우 필수값으로 검증
 1) C.5.1.r.1의 임상시험 승인번호 참조하여 임상시험승인대장의 일련번호와 대조 검증",N.2.r.3,50,AN,자유기재,"ASKU, NASK
임상에서는 nullflavor 허용하지 않음",임상시험과 치료목적 사용승인의 경우 필수값,"1. 임상시험과 치료목적 사용의 경우에만 필수값으로 밸리데이션 설정하고 nullflavor 허용하지 않음
1. 비필수로 입력값 있는경우 검증하고, N.2.r.3항목의 입력값에 따라 필수값으로 검증
 1) N.2.r.3 항목값이 임상시험(CT)의 경우 필수값으로 항목값 여부 검증
 2) N.2.r.3 항목값이 치료목적사용(CU)의 경우 필수값으로 항목값 여부 검증
2. OID 비교 검증
3. 입력값이 50자 이하인지 검증
4. nullflavor는 ""ASKU"", ""NASK"" 만 허용하고, N.2.r.3항목의 입력값에 따라 nullflavor 허용하지 않음
 1) N.2.r.3 항목값이 임상시험(CT)의 경우 nullflavor 허용하지 않음
 2) N.2.r.3 항목값이 치료목적사용(CU)의 경우 nullflavor 허용하지 않음
5. 임상시험과 치료목적 사용승인의 경우 필수값으로 검증
 1) C.5.1.r.1의 임상시험 승인번호 참조하여 임상시험승인대장의 일련번호와 대조 검증

1)임상시험: 아래 조건을 모두 충족하는 경우
가. N.2.r.2의 message sender identifier가 임상시험(CT-O-0000000000 / CT-T-0000000000)인 경우
나. C.1.3의 항목값은 ""2=report from study"" 이어야함
다. C.5.4의 항목값은 ""1=clinical trials"" 이어야함
라. C.5.1.r.1에 임상시험승인번호 입력
마. C.5.3에 임상시험일련번호 입력
바. C.5.1.r.1의 입력값과 C.5.3의 입력값이 임상시험계획의 승인 대장에 입력된 임상시험승인번호 및 일련번호와 일치하는지 확인
사. C.1.7의 항목값은 ""예"" 이어야함

2)임상시험용 의약품 치료목적 사용 건: 아래 조건을 모두 충족하는 경우
가. N.2.r.2의 message sender identifier가 임상시험(CU-O-0000000000 / CU-T-0000000000)인 경우
나. C.1.3의 항목값은 ""2=report from study"" 이어야함
다. C.5.4의 항목값은 ""2=individual patient use(compassionate use)"" 이어야함
라. C.5.1.r.1에 임상시험승인번호 입력
마. C.5.3에 임상시험일련번호 입력
바. C.5.1.r.1의 입력값과 C.5.3의 입력값이 임상시험계획의 승인 대장에 입력된 임상시험승인번호 및 일련번호와 일치하는지 확인
사.  C.1.7의 항목값은 ""예"" 이어야함",,
64,C.5.4,Study Type Where Reaction(s) / Event(s) Were Observed,연구 구분,조건부필수,2.16.840.1.113883.3.989.2.1.1.8,"1. 조건부필수값으로 C.1.3항목의 값이 ""2""인 경우 항목값 여부 검증
2. 입력값이 1자 이하인지 검증
3. 입력값은 ""1"",""2"",""3""만 허용함
 1) N.2.r.3 항목값이 임상시험(CT)의 경우 ""1""만 허용
 2) N.2.r.3 항목값이 치료목적사용(CU)의 경우 ""2""만 허용","N.2.r.3, 
C.1.3
",1,N,"1=임상시험
2=개별 환자 사용(예: 치료목적 사용승인)
3=기타 시험(예: 약물역학, 약물경제학, 집중 모니터링)",,,"1. 조건부필수값으로 C.1.3항목의 값이 ""2""인 경우 항목값 여부 검증
2. OID 비교 검증
3. 입력값이 1자 이하인지 검증
4. 입력값은 ""1"",""2"",""3""만 허용함
 1) N.2.r.3 항목값이 임상시험(CT)의 경우 ""1""만 허용
 2) N.2.r.3 항목값이 치료목적사용(CU)의 경우 ""2""만 허용
5.  N.2.r.2 항목값이 국내보고의 경우이고C.5.4 항목 입력값이 ""3""인 경우 C.5.4.KR 항목은 필수로 입력되어야 함

1)임상시험: 아래 조건을 모두 충족하는 경우
가. N.2.r.2의 message sender identifier가 임상시험(CT-O-0000000000 / CT-T-0000000000)인 경우
나. C.1.3의 항목값은 ""2=report from study"" 이어야함
다. C.5.4의 항목값은 ""1=clinical trials"" 이어야함
라. C.5.1.r.1에 임상시험승인번호 입력
마. C.5.3에 임상시험일련번호 입력
바. C.5.1.r.1의 입력값과 C.5.3의 입력값이 임상시험계획의 승인 대장에 입력된 임상시험승인번호 및 일련번호와 일치하는지 확인
사. G.k.1의 항목값은 ""1"" 이어야함
아. C.1.7의 항목값은 ""예"" 이어야함

2)임상시험용 의약품 치료목적 사용 건: 아래 조건을 모두 충족하는 경우
가. N.2.r.2의 message sender identifier가 임상시험(CU-O-0000000000 / CU-T-0000000000)인 경우
나. C.1.3의 항목값은 ""2=report from study"" 이어야함
다. C.5.4의 항목값은 ""2=individual patient use(compassionate use)"" 이어야함
라. C.5.1.r.1에 임상시험승인번호 입력
마. C.5.3에 임상시험일련번호 입력
바. C.5.1.r.1의 입력값과 C.5.3의 입력값이 임상시험계획의 승인 대장에 입력된 임상시험승인번호 및 일련번호와 일치하는지 확인
사. G.k.1의 항목값은 ""1"" 이어야함
아. C.1.7의 항목값은 ""예"" 이어야함","PMS의 경우 C.1.3에서 2 선택, C.5.4에서 3선택, C.5.4.KR.1에서 1선택하면 되는 것으로 이해되는데, 맞는지요?
이 경우, 임상시험과 치료목적 사용승인의 경우 필수값인 항목이 적용되지 않는 것이 맞는지요? ",
65,C.5.4.KR.1,Other Studies Type,기타 시험 상세구분,비필수,2.16.840.1.113883.3.989.5.1.10.1.3,"1. N.2.r.3 항목값이 국내보고의 경우와 C.5.4 항목에 ""3""을 선택한 경우에만 항목값 여부 검증
2. 입력값이 1자 이하인지 검증
3. 입력값은 ""1"",""2"",""3"",""4""만 허용함
 1) 항목값 검증시 입력값이 없을경우 ""4"" 자동 입력","N.2.r.3, 
C.5.4",1,N,"1=재심사 보고 사용성적조사
2=재심사 보고 시판 후 임상연구
3=재심사 보고 특별조사
4=기타",,,"1. 조건부필수값으로 N.2.r.2 항목값이 시판 후 국내보고이고 C.5.4 항목 입력값이 ""3""인 경우 필수값으로 검증
1. N.2.r.3 항목값이 국내보고의 경우와 C.5.4 항목에 ""3""을 선택한 경우에만 항목값 여부 검증
2. OID 비교검증
3. 입력값이 1자 이하인지 검증
4. 입력값은 ""1"",""2"",""3"",""4""만 허용함
 1) 항목값 검증시 입력값이 없을경우 ""4"" 자동 입력",,
66,D.1,Patient (name or initials),이름(이니셜),필수,,"1. 필수값으로 항목값 여부 검증
2. 입력값이 60자 이하인지 검증
3. nullflavor는 ""MSK"", ""ASKU"", ""NASK"", ""UNK"" 만 허용",,60,AN,자유기재,"MSK, ASKU, NASK, UNK",,"1. 필수값으로 항목값 여부 검증
2. 입력값이 60자 이하인지 검증
3. nullflavor는 ""MSK"", ""ASKU"", ""NASK"", ""UNK"" 만 허용",,
67,D.1.1.1,Patient Medical Record Number(s) and Source(s) of the Record Number (GP Medical Record Number),1차 의료기관 진료기록번호,비필수,"2.16.840.1.113883.3.989.2.1.3.7
2.16.840.1.113883.3.989.2.1.1.4","1. 비필수로 입력값이 있는 경우 검증
2. 입력값이 20자 이하인지 검증
3. nullflavor는 ""MSK""만 허용함",,20,AN,자유기재,MSK,,"1. 비필수로 입력값이 있는 경우 검증
2. OID 비교 검증
2. 입력값이 20자 이하인지 검증
3. nullflavor는 ""MSK""만 허용함",,
68,D.1.1.2,Patient Medical Record Number(s) and Source(s) of the Record Number (Specialist Record Number),"2, 3차 의료기관 진료기록번호",비필수,"2.16.840.1.113883.3.989.2.1.3.8
2.16.840.1.113883.3.989.2.1.1.4","1. 비필수로 입력값이 있는 경우 검증
2. 입력값이 20자 이하인지 검증
3. nullflavor는 ""MSK""만 허용함",,20,AN,자유기재,MSK,,"1. 비필수로 입력값이 있는 경우 검증
2. OID 비교 검증
2. 입력값이 20자 이하인지 검증
3. nullflavor는 ""MSK""만 허용함",,
69,D.1.1.3,Patient Medical Record Number(s) and Source(s) of the Record Number (Hospital Record Number),병원 진료기록번호,비필수,"2.16.840.1.113883.3.989.2.1.3.9
2.16.840.1.113883.3.989.2.1.1.4","1. 비필수로 입력값이 있는 경우 검증
2. 입력값이 20자 이하인지 검증
3. nullflavor는 ""MSK""만 허용함",,20,AN,자유기재,MSK,,"1. 비필수로 입력값이 있는 경우 검증
2. OID 비교 검증
2. 입력값이 20자 이하인지 검증
3. nullflavor는 ""MSK""만 허용함",,
70,D.1.1.4,Patient Medical Record Number(s) and Source(s) of the Record Number (Investigation Number),임상시험대상자 식별번호,비필수,"2.16.840.1.113883.3.989.2.1.3.10
2.16.840.1.113883.3.989.2.1.1.4","1. 비필수로 입력값이 있는 경우 검증
2. 입력값이 20자 이하인지 검증
3. nullflavor는 ""MSK""만 허용함
4. 임상시험과 치료목적 사용승인의 경우 필수값으로 검증",,20,AN,자유기재,MSK,임상시험과 치료목적 사용승인의 경우 필수값,"1. 비필수로 입력값이 있는 경우 검증
2. OID 비교 검증
2. 입력값이 20자 이하인지 검증
3. nullflavor는 ""MSK""만 허용함
4. 임상시험과 치료목적 사용승인의 경우 필수값으로 검증",,
71,D.2.1,Date of Birth,생년월일,비필수,,"1. 비필수로 입력값이 있는 경우 검증
2. 입력값이 날짜 형식인지 검증
3. 최소 CCYYMMDD까지 입력되었는지 검증
4. 미래날짜는 입력불가
5. nullflavor는 ""MSK""만 허용
6. D.2.2, D.2.2.1, D.2.3 항목값이 입력되었는지 검증
 1) D.2.1, D.2.2, D.2.2.1, D.2.3 항목중 1항목만 입력","D.2.1, 
D.2.2.1, 
D.2.3",-,Date/Time,CCYYMMDD (Minimum),MSK,,"1. 비필수로 입력값이 있는 경우 검증
2. 입력값이 날짜 형식인지 검증
3. 최소 CCYYMMDD까지 입력되었는지 검증
4. 미래날짜는 입력불가
5. nullflavor는 ""MSK""만 허용
6. D.2.2, D.2.2.1, D.2.3 항목값이 입력되었는지 검증",,
72,D.2.2a,Age at Time of Onset of Reaction / Event (number),발현 당시 연령,조건부필수,2.16.840.1.113883.3.989.2.1.1.19,"1. 조건부필수값으로 항목값이 있는 경우 검증
 1) D.2.2b 항목값이 입력 된 경우 필수
2. 입력값이 5자 이하인지 검증
3. 입력값은 숫자만 허용함
4. D.2.1, D.2.2.1, D.2.3 항목값이 입력되었는지 검증
 1) D.2.1, D.2.2, D.2.2.1, D.2.3 항목중 1항목만 입력
5. 임상시험과 치료목적 사용승인의 경우 필수값으로 검증","D.2.1, 
D.2.2.1, 
D.2.2b, 
D.2.3",5,N,숫자,,임상시험과 치료목적 사용승인의 경우 필수값,"1. 조건부필수값으로 D.2.2b 항목값이 있는 경우 항목값 여부 검증
 1) D.2.2b 항목값이 입력 된 경우 필수
2. OID 비교 검증
3. 입력값이 5자 이하인지 검증
4. 입력값은 숫자만 허용함
5. D.2.2b 입력여부 검증
5. D.2.1, D.2.2.1, D.2.3 항목값이 입력되었는지 검증
6. 임상시험과 치료목적 사용승인의 경우 필수값으로 검증",,
73,D.2.2b,Age at Time of Onset of Reaction / Event (unit),발현 당시 연령(단위),조건부필수,2.16.840.1.113883.3.989.2.1.1.26,"1. 조건부필수값으로 D.2.2a 항목값이 있는 경우 항목값 여부 검증
 1) D.2.2a 항목값이 입력 된 경우 필수
2. 입력값이 50자 이하인지 검증
3. UCUM 코드와 비교하여 허용된 코드와 비교 검증
4. D.2.1, D.2.2.1, D.2.3 항목값이 입력되었는지 검증
 1) D.2.1, D.2.2, D.2.2.1, D.2.3 항목중 1항목만 입력
5. 임상시험과 치료목적 사용승인의 경우 필수값으로 검증","D.2.1, 
D.2.2.1, 
D.2.2a, 
D.2.3",50,AN,"연, 월, 주, 일, 시간, 연대",,임상시험과 치료목적 사용승인의 경우 필수값,"1. 조건부필수값으로 D.2.2a 항목값이 있는 경우 항목값 여부 검증
 1) D.2.2a 항목값이 입력 된 경우 필수
2. OID 비교 검증
3. 입력값이 50자 이하인지 검증
4. UCUM 코드와 비교하여 허용된 코드와 비교 검증
5. D.2.2a 입력여부 검증
5. D.2.1, D.2.2.1, D.2.3 항목값이 입력되었는지 검증
6. 임상시험과 치료목적 사용승인의 경우 필수값으로 검증",,
74,D.2.2.1a,Gestation Period When Reaction / Event Was Observed in the Foetus (number),발현 당시의 임신기간,조건부필수,2.16.840.1.113883.3.989.2.1.1.19,"1. 입력값이 3자 이하인지 검증
2. 입력값은 숫자만 허용함
3. 조건부필수값으로 D.2.2.1b 항목값이 있는 경우 항목값 여부 검증
 1) D.2.2.1b 항목값이 입력 된 경우 필수
4. D.2.1, D.2.2, D.2.3 항목값이 입력되었는지 검증
 1) D.2.1, D.2.2, D.2.2.1, D.2.3 항목중 1항목만 입력","D.2.1, 
D.2.2, 
D.2.2.1b, 
D.2.3",3,N,숫자,,,"1. OID 비교 검증
2. 입력값이 3자 이하인지 검증
3. 입력값은 숫자만 허용함
4. 조건부필수값으로 D.2.2.1b 항목값이 있는 경우 항목값 여부 검증
 1) D.2.2.1b 항목값이 입력 된 경우 필수
5. D.2.2.1b 입력여부 검증
5. D.2.1, D.2.2, D.2.3 항목값이 입력되었는지 검증",,
75,D.2.2.1b,Gestation Period When Reaction/Event Was Observed in the Foetus (unit),발현 당시의 임신기간(단위),조건부필수,2.16.840.1.113883.3.989.2.1.1.26,"1. 조건부필수값으로 D.2.2.1a 항목값이 있는 경우 항목값 여부 검증
 1) D.2.2.1a 항목값이 입력 된 경우 필수
2. 입력값이 50자 이하인지 검증
3. UCUM 코드와 비교하여 허용된 코드와 비교 검증
4. D.2.1, D.2.2, D.2.3 항목값이 입력되었는지 검증","D.2.1, 
D.2.2, 
D.2.2.1a, 
D.2.3",50,AN,"월, 주, 일, 임신분기",,,"1. 조건부필수값으로 D.2.2.1a 항목값이 있는 경우 항목값 여부 검증
 1) D.2.2.1a 항목값이 입력 된 경우 필수
2. OID 비교 검증
3. 입력값이 50자 이하인지 검증
4. UCUM 코드와 비교하여 허용된 코드와 비교 검증
5. D.2.2.1a 입력여부 검증
5. D.2.1, D.2.2, D.2.3 항목값이 입력되었는지 검증",,
76,D.2.3,Patient Age Group (as per reporter),환자의 연령대,비필수,"2.16.840.1.113883.3.989.2.1.1.9
2.16.840.1.113883.3.989.2.1.1.19","1. 비필수로 입력값이 있는 경우 검증
2. 입력값이 1자 이하인지 검증
3. 입력값은 ""1"",""2"",""3"",""4"",""5"",""6""만 허용함
4. D.2.1 또는 D.2.2a 항목 중 하나라도 입력된 경우 입력 불가
5. D.2.1, D.2.2, D.2.2.1 항목값이 입력되었는지 검증
 1) D.2.1, D.2.2, D.2.2.1, D.2.3 항목중 1항목만 입력","D.2.1, 
D.2.2, 
D.2.2.1",1,N,"0=태아
1=신생아
2=유아
3=어린이
4=청소년
5=어른
6=노인",,,"1. 비필수로 입력값이 있는 경우 검증
2. OID 비교 검증
3. 입력값이 1자 이하인지 검증
4. 입력값은 ""1"",""2"",""3"",""4"",""5"",""6""만 허용함
5. D.2.1 또는 D.2.2a 항목 중 하나라도 입력된 경우 입력 불가
6. D.2.1, D.2.2, D.2.2.1 항목값이 입력되었는지 검증",,
77,D.3,Body Weight (kg),체중(kg),비필수,2.16.840.1.113883.3.989.2.1.1.19,"1. 비필수로 입력값이 있는 경우 검증
2. 입력값이 숫자인지 검증
3. 입력값이 6자 이하인지 검증
 1) 소수점 포함 6자 이하인지 검증",,6,N,숫자(소수점),,,"1. 비필수로 입력값이 있는 경우 검증
2. OID 비교 검증
3. 입력값이 숫자인지 검증
4. 입력값이 6자 이하인지 검증
 1) 소수점 포함 6자 이하인지 검증",,
78,D.4,Height (cm),신장(cm),비필수,2.16.840.1.113883.3.989.2.1.1.19,"1. 비필수로 입력값이 있는 경우 검증
2. 입력값이 숫자인지 검증
3. 입력값이 3자 이하인지 검증
4. 소수점 입력 불가",,3,N,숫자,,,"1. 비필수로 입력값이 있는 경우 검증
2. OID 비교 검증
3. 입력값이 숫자인지 검증
4. 입력값이 3자 이하인지 검증
5. 소수점 입력 불가",,
79,D.5,Sex,성별,비필수,1.0.5218,"1. 비필수로 입력값이 있는 경우 검증
2. 입력값이 1자 이하인지 검증
3. 입력값은 ""1"",""2""만 허용함
4. nullflavor는 ""MSK"", ""UNK"", ""ASKU"", ""NASK""만 허용함
5. 임상시험과 치료목적 사용승인의 경우 필수값으로 검증",,1,N,"1=남성
2=여성","MSK, UNK, ASKU, NASK",임상시험과 치료목적 사용승인의 경우 필수값,"1. 비필수로 입력값이 있는 경우 검증
2. 입력값이 1자 이하인지 검증
3. 입력값은 ""1"",""2""만 허용함
4. nullflavor는 ""MSK"", ""UNK"", ""ASKU"", ""NASK""만 허용함
5. 임상시험과 치료목적 사용승인의 경우 필수값으로 검증",,
80,D.6,Last Menstrual Period Date,최종월경일,비필수,,"1. 비필수로 입력값이 있는 경우 검증
2. 입력값이 날짜 형식인지 검증
3. 최소 CCYY까지 입력되었는지 검증
4. 미래날짜는 입력불가
3. nullflavor는 ""MSK""만 허용",,-,Date/Time,CCYY (Minimum),MSK,,"1. 비필수로 입력값이 있는 경우 검증
2. 입력값이 날짜 형식인지 검증
3. 최소 CCYY까지 입력되었는지 검증
4. 미래날짜는 입력불가
3. nullflavor는 ""MSK""만 허용",,
81,D.7.1.r.1a,MedDRA Version for Medical History,과거 병력 MedDRA 버전,조건부필수,,"1. 조건부필수값으로 D.7.1.r.1b 항목값이 있는 경우 항목값 여부 검증
 1) D.7.1.r.1b 항목값이 입력 된 경우 필수
2. 입력값이 4자 이하인지 검증
3. 허용하고 있는 MedDRA 버전인지 검증(최신버전)",D.7.1.r.1b,4,AN,MedDRA 버전,,,"1. 조건부필수값으로 D.7.1.r.1b 항목값이 있는 경우 항목값 여부 검증
 1) D.7.1.r.1b 항목값이 입력 된 경우 필수
2. 입력값이 4자 이하인지 검증
3. 허용하고 있는 MedDRA 버전인지 검증(최신버전)
4. 입력된 MedDRA 버전이 D.8.r.6a, D.8.r.7a, D.9.2.r.1a, D.9.4.r.1a, D.10.7.1.r.1a, D.10.8.r.6a, D.10.8.r.7a, E.i.2.1a, F.r.2.2a, G.k.7.r.2a, H.3.r.1a 항목과 비교하여 동일한지 검증
5. D.7.1.r.1b 입력여부 검증",,
82,D.7.1.r.1b,Medical History (disease / surgical procedure / etc.) (MedDRA code),과거 병력 MedDRA 코드,조건부필수,"2.16.840.1.113883.3.989.2.1.1.20
2.16.840.1.113883.6.163","1. 조건부필수값으로 D.7.1.r.1a 항목값이 있는 경우 항목값 여부 검증
 1) D.7.1.r.1a 항목값이 입력 된 경우 필수
2. 입력값이 8자 이하인지 검증
3. 입력값은 숫자만 허용함
4. D.7.1.r.1a항목에 입력된 버전의 MedDRA 코드인지 검증",D.7.1.r.1a,8,N,MedDRA 코드 8자리,,,"1. 조건부필수값으로 D.7.1.r.1a 항목값이 있는 경우 항목값 여부 검증
 1) D.7.1.r.1a 항목값이 입력 된 경우 필수
2. OID 비교 검증
3. 입력값이 8자 이하인지 검증
4. 입력값은 숫자만 허용함
5. D.7.1.r.1a항목에 입력된 버전의 MedDRA 코드인지 검증
6. D.7.1.r.1a 입력여부 검증",,
83,D.7.1.r.2,Start Date,시작일,비필수,,"1. 비필수로 입력값이 있는 경우 검증
2. 입력값이 날짜 형식인지 검증
3. 최소 CCYY까지 입력되었는지 검증
4. 미래날짜는 입력불가
3. nullflavor는 ""MSK"", ""ASKU"", ""NASK""만 허용",,-,Date/Time,CCYY (Minimum),"MSK, ASKU, NASK",,"1. 비필수로 입력값이 있는 경우 검증
2. 입력값이 날짜 형식인지 검증
3. 최소 CCYY까지 입력되었는지 검증
4. 미래날짜는 입력불가
3. nullflavor는 ""MSK"", ""ASKU"", ""NASK""만 허용",,
84,D.7.1.r.3,Continuing,지속여부,비필수,2.16.840.1.113883.3.989.2.1.1.19,"1. 비필수로 입력값이 있는 경우 검증
2. 입력값은 ""예"", ""아니오""만 허용함
3. nullflavor는 ""MSK"", ""ASKU"", ""NASK"", ""UNK""만 허용",,-,Boolean,"예
아니오","MSK, ASKU, NASK, UNK",,"1. 비필수로 입력값이 있는 경우 검증
2. OID 비교 검증
3. 입력값은 ""예"", ""아니오""만 허용함
4. nullflavor는 ""MSK"", ""ASKU"", ""NASK"", ""UNK""만 허용",,
85,D.7.1.r.4,End Date,종료일,비필수,,"1. 비필수로 입력값이 있는 경우 검증
2. 입력값이 날짜 형식인지 검증
3. 최소 CCYY까지 입력되었는지 검증
4. 미래날짜는 입력불가
5. nullflavor는 ""MSK"", ""ASKU"", ""NASK""만 허용
6. D.7.1.r.2 항목값보다 과거일자 입력 불가능",,-,Date/Time,CCYY (Minimum),"MSK, ASKU, NASK",,"1. 비필수로 입력값이 있는 경우 검증
2. 입력값이 날짜 형식인지 검증
3. 최소 CCYY까지 입력되었는지 검증
4. 미래날짜는 입력불가
5. nullflavor는 ""MSK"", ""ASKU"", ""NASK""만 허용
6. D.7.1.r.2 항목값보다 과거일자 입력 불가능",,
86,D.7.1.r.5,Comments,비고,비필수,2.16.840.1.113883.3.989.2.1.1.19,"1. 비필수로 입력값이 있는 경우 검증
2. 입력값이 2000자 이하인지 검증",,2000,AN,자유기재,,,"1. 비필수로 입력값이 있는 경우 검증
2. OID 비교 검증
3. 입력값이 2000자 이하인지 검증",,
87,D.7.1.r.6,Family History,가족력,비필수,2.16.840.1.113883.3.989.2.1.1.19,"1. 비필수로 입력값이 있는 경우 검증
2. 입력값은 ""예""만 허용함",,-,Boolean,"
예",,,"1. 비필수로 입력값이 있는 경우 검증
2. OID 비교 검증
3. 입력값은 ""예"", ""아니오""만 허용함",,
88,D.7.2,Text for Relevant Medical History and Concurrent Conditions (not including reaction / event),과거 병력 상세내용,조건부필수,2.16.840.1.113883.3.989.2.1.1.19,"1. 조건부필수값으로 D.7.1 항목값이 없는 경우 항목값 여부 검증
 1) D.7.1 항목이 입력 되지 않은 경우 필수
2. 입력값이 10000자 이하인지 검증
3. nullflavor는 ""MSK"", ""ASKU"", ""NASK"", ""UNK"" 만 허용",D.7.1,10000,AN,자유기재,"MSK, ASKU, NASK, UNK","보고하지 않는 경우 ""None"" 입력","1. 조건부필수값으로 D.7.1.r.1a, D.7.1.r.1b, D.7.1.r.2, ,D.7.1.r.3, D.7.1.r.4, D.7.1.r.5, D.7.1.r.6 항목에 값이 없는 경우 필수값으로 항목여부 검증
1. 조건부필수값으로 D.7.1.r 항목값이 없는 경우 항목값 여부 검증
 1) D.7.1.r 항목값이 입력 된 경우 필수
2. OID 비교 검증
3. 입력값이 10000자 이하인지 검증
4. nullflavor는 ""MSK"", ""ASKU"", ""NASK"", ""UNK"" 만 허용",,
89,D.7.3,Concomitant Therapies,병용요법,비필수,2.16.840.1.113883.3.989.2.1.1.19,"1. 비필수로 입력값이 있는 경우 검증
2. 입력값은 ""예""만 허용함",,-,Boolean,"
예",,,"1. 비필수로 입력값이 있는 경우 검증
2. OID 비교 검증
3. 입력값은 ""예"", ""아니오""만 허용함",,
90,D.8.r.1,Name of Drug as Reported,의약품명,조건부필수,,"1. 조건부필수값으로 D.8.r 항목에 입력된 값이 있으면 항목 여부 검증
 1) D.8.r 항목값이 입력 된 경우 필수
2. 입력된 값이 250자 이하인지 검증
3. nullflavor는 ""UNK"", ""NA"" 만 허용",D.8.r,250,AN,자유기재,"UNK, NA",,"1. 조건부필수값으로 D.8.r 항목에 입력된 값이 있으면 항목 여부 검증
 1) D.8.r 항목값이 입력 된 경우 필수
2. 입력된 값이 250자 이하인지 검증
3. nullflavor는 ""UNK"", ""NA"" 만 허용",,
91,D.8.r.1.KR.1a,medicinal product version,의약품 코드 버전,조건부필수,,"1. 조건부필수값으로 입력값이 있는경우 검증
 1) N.2.r.3 항목값이 입력값이 국외(FR)의 경우 필수 입력값 검증
2. 허용하고 있는 (WHODrug)버전인지 검증
3. 입력값이 20자 이하인지 검증","N.2.r.3, 
D.8.r.1.KR.1b",20,AN,국외 이상사례보고의 경우 WHODrug 버전(Global C3 Short version) 입력,,,"1. 조건부필수값으로 입력값이 있는경우 검증
2. N.2.r.3 항목값이 입력값이 국외(FR)의 경우 필수 입력값 검증
 1) 허용하고 있는 (WHODrug)버전인지 검증
3. 입력값이 20자 이하인지 검증
4. D.8.r.1.KR.1b에 입력된 경우 필수로 값 입력해야함","- 해당항목은 본 개정에서 비필수->조건부필수(N.2.r.3 항목값이 입력값이 국외(FR)의 경우 필수 입력값 검증)로 변경되었습니다. 2019년 11월 식약처 담당자 말씀에 따르면, 국외 보고시에도 WHODD Drug code를 필수로 요구하지 않을 계획이며 이가 개정본에 반영될 것이라고 확인받았으나, 오히려 조건부 필수로 변경되었습니다. 국외의 경우 WHODrug코드 필수 입력을 유지하실 계획이신지요?",
92,D.8.r.1.KR.1b,medicinal product ID,의약품 코드,조건부필수,"국내=2.16.840.1.113883.3.989.5.1.10.2.1
국외=2.16.840.1.113883.6.294","1. 조건부필수값으로 입력값이 있는경우 검증
 1) N.2.r.3 항목의 입력값이 ""국내(KR)"", ""국외(FR)""이고 nullflavor가 입력되지 않은 경우 검증
 2) N.2.r.3 항목값이 시판 후 국내(KR)보고인 경우 품목기준코드 입력 검증
 3) N.2.r.3 항목값이 시판 후 국외(FR)보고인 경우 WHODrug코드 입력 검증
3. 입력값이 10자 이하인지 검증
4. N.2.r.3 항목값이 시판 후 국외(FR)보고인 경우 입력값이 D.8.r.1.KR.1a 항목에 입력된 버전의 코드인지 검증",D.8.r.1.KR.1a,10,AN,"국내 이상사례보고의 경우 품목기준코드 입력
국외 이상사례보고의 경우 WHODrug (Global C3 Medicinalprod Id)코드 입력",,,"1. 조건부필수값으로 입력값이 있는경우 검증
2. N.2.r.3 항목의 입력값이 ""국내(KR)"", ""국외(FR)""인 경우 필수값으로 검증
 1) N.2.r.3 항목값이 시판 후 국내(KR)보고인 경우 품목기준코드 입력을 필수값으로 검증
 2) N.2.r.3 항목값이 시판 후 국외(FR)보고인 경우 WHODrug코드 입력을 필수값으로 검증
3. OID 비교 검증
4. 입력값이 10자 이하인지 검증
5. N.2.r.3 항목값이 시판 후 국외(FR)보고인 경우 입력값이 D.8.r.1.KR.1a 항목에 입력된 버전의 코드인지 검증","- 국내>품목기준코드 또한, 추후 결정되는 IDMP로 변경될 예정 예정인가요?",
93,D.8.r.2a,MPID Version Date/Number,의약품식별자(MPID) 버전,조건부필수,,"1. 조건부필수값으로 D.8.r.2b에 항목값이 있는 경우 항목 여부 검증
 1) D.8.r.2b 항목값이 입력 된 경우 필수
2. 입력값이 10자 이하인지 검증
3. 입력값이 보유하고 있는 MPID 버전과 일치하는지 검증",D.8.r.2b,10,AN,IDMP,,,"1. 조건부필수값으로 D.8.r.2b에 항목값이 있는 경우 항목 여부 검증
 1) D.8.r.2b 항목값이 입력 된 경우 필수
2. 입력값이 10자 이하인지 검증
3. 입력값이 보유하고 있는 MPID 버전과 일치하는지 검증
4. D.8.r.2.b 항목에 값이 입력되었는지 검증","전반적으로 의약품관련 ID/Version의 필수 여부 (조건부 필수, 비필수)부여 규칙이 통일되어 있지 않아보입니다. (의약품 코드&버전 질문 참고)
필수 여부 중 '조건부 필수'의 정의가 무엇인지요? 사용자가 이해하기에 조건부 필수/비필수의 구분에 있어 혼동의 여지가 있습니다. Paring 되어 있는 항목 모두 조건부 필수든 비필수든 일관성 있는 기재가 필요할 것으로 생각됩니다. ",
94,D.8.r.2b,Medicinal Product Identifier (MPID),의약품식별자(MPID),조건부필수,TBD,"1. 조건부필수값으로 D.8.r.2a에 항목값이 있는 경우 항목 여부 검증
 1) D.8.r.2a 항목값이 입력 된 경우 필수
2. 입력값이 1000자 이하인지 검증
3. 입력값이 D.8.r.2a 항목의 버전의 MPID 코드인지 검증",D.8.r.2a,1000,AN,IDMP,,입력하지 않았을 경우 성분코드에서 필수값 검증,"1. 조건부필수값으로 D.8.r.2a에 항목값이 있는 경우 항목 여부 검증
 1) D.8.r.2a 항목값이 입력 된 경우 필수
2. 입력값이 1000자 이하인지 검증
3. 입력값이 D.8.r.2a 항목의 버전의 MPID 코드인지 검증
4. D.8.r.2a 항목에 값이 입력되었는지 검증",,
95,D.8.r.3a,PhPID Version Date/Number,제제식별자(PhPID) 버전,조건부필수,,"1. 조건부필수값으로 D.8.r.3b에 항목값이 있는 경우 항목 여부 검증
 1) D.8.r.3b 항목값이 입력 된 경우 필수
2. 입력값이 10자 이하인지 검증
3. 입력값이 보유하고 있는 PhPID 버전과 일치하는지 검증",D.8.r.3b,10,AN,IDMP,,IDMP 확정 후 사용,"1. 조건부필수값으로 D.8.r.3b에 항목값이 있는 경우 항목 여부 검증
 1) D.8.r.3b 항목값이 입력 된 경우 필수
2. 입력값이 10자 이하인지 검증
3. 입력값이 보유하고 있는 PhPID 버전과 일치하는지 검증
4. D.8.r.3.b 항목에 값이 입력되었는지 검증",,
96,D.8.r.3b,Pharmaceutical Product Identifier (PhPID),제제식별자(PhPID),조건부필수,TBD,"1. 조건부필수값으로 D.8.r.3a에 항목값이 있는 경우 항목 여부 검증
 1) D.8.r.3a 항목값이 입력 된 경우 필수
2. 입력값이 250자 이하인지 검증
3. 입력값이 D.8.r.3a 항목의 버전의 PhPID 코드인지 검증",D.8.r.3a,250,AN,IDMP,,IDMP 확정 후 사용,"1. 조건부필수값으로 D.8.r.3a에 항목값이 있는 경우 항목 여부 검증
 1) D.8.r.3a 항목값이 입력 된 경우 필수
2. 입력값이 250자 이하인지 검증
3. 입력값이 D.8.r.3a 항목의 버전의 PhPID 코드인지 검증
4. D.8.r.3a 항목에 값이 입력되었는지 검증",,
97,D.8.r.4,Start Date,시작일,비필수,,"1. 비필수로 입력값이 있는 경우 검증
2. 입력값이 날짜 형식인지 검증
3. 최소 CCYY까지 입력되었는지 검증
4. 미래날짜는 입력불가
3. nullflavor는 ""MSK"", ""ASKU"", ""NASK""만 허용",,-,Date/Time,CCYY (Minimum),"MSK, ASKU, NASK",,"1. 비필수로 입력값이 있는 경우 검증
2. 입력값이 날짜 형식인지 검증
3. 최소 CCYY까지 입력되었는지 검증
4. 미래날짜는 입력불가
3. nullflavor는 ""MSK"", ""ASKU"", ""NASK""만 허용",,
98,D.8.r.5,End Date,종료일,비필수,,"1. 비필수로 입력값이 있는 경우 검증
2. 입력값이 날짜 형식인지 검증
3. 최소 CCYY까지 입력되었는지 검증
4. 미래날짜는 입력불가
5. nullflavor는 ""MSK"", ""ASKU"", ""NASK""만 허용
6. D.8.r.4 항목값보다 과거일자 입력 불가능",D.8.r.4,-,Date/Time,CCYY (Minimum),"MSK, ASKU, NASK",,"1. 비필수로 입력값이 있는 경우 검증
2. 입력값이 날짜 형식인지 검증
3. 최소 CCYY까지 입력되었는지 검증
4. 미래날짜는 입력불가
5. nullflavor는 ""MSK"", ""ASKU"", ""NASK""만 허용
6. D.8.r.4 항목값보다 과거일자 입력 불가능",,
99,D.8.r.6a,MedDRA Version for Indication,적응증의 MedDRA 버전,조건부필수,,"1. 조건부필수값으로 D.8.r.6b 항목값이 있는 경우 항목값 여부 검증
 1) D.8.r.6b 항목값이 입력 된 경우 필수
2. 입력값이 4자 이하인지 검증
3. 허용하고 있는 MedDRA 버전인지 검증(최신버전)",D.8.r.6b,4,AN,MedDRA 버전,,,"1. 조건부필수값으로 D.8.r.6b 항목값이 있는 경우 항목값 여부 검증
 1) D.8.r.6b 항목값이 입력 된 경우 필수
2. 입력값이 4자 이하인지 검증
3. 허용하고 있는 MedDRA 버전인지 검증(최신버전)
4. 입력된 MedDRA 버전이 D.7.1.r.1a, D.8.r.7a, D.9.2.r.1a, D.9.4.r.1a, D.10.7.1.r.1a, D.10.8.r.6a, D.10.8.r.7a, E.i.2.1a, F.r.2.2a, G.k.7.r.2a, H.3.r.1a 항목과 비교하여 동일한지 검증
5. D.8.r.6b 입력여부 검증",,
100,D.8.r.6b,Indication (MedDRA code),적응증의 MedDRA 코드,조건부필수,"2.16.840.1.113883.3.989.2.1.1.19
2.16.840.1.113883.6.163","1. 조건부필수값으로 D.8.r.6.a 항목값이 있는 경우 항목값 여부 검증
 1) D.8.r.6a 항목값이 입력 된 경우 필수
2. 입력값이 8자 이하인지 검증
3. 입력값이 D.8.r.6.a 항목에 입력된 버전의 MedDRA 코드인지 검증",D.8.r.6a,8,N,MedDRA 코드 8자리,,,"1. 조건부필수값으로 D.8.r.6.a 항목값이 있는 경우 항목값 여부 검증
 1) D.8.r.6a 항목값이 입력 된 경우 필수
2. OID 비교 검증
3. 입력값이 8자 이하인지 검증
4. 입력값이 D.8.r.6.a 항목에 입력된 버전의 MedDRA 코드인지 검증
5. D.8.r.6.a 입력여부 검증",,
101,D.8.r.7a,MedDRA Version for Reaction,약물이상반응의 MedDRA 버전,조건부필수,,"1. 조건부필수값으로 D.8.r.7b 항목값이 있는 경우 항목값 여부 검증
 1) D.8.r.7b 항목값이 입력 된 경우 필수
2. 입력값이 4자 이하인지 검증
3. 허용하고 있는 MedDRA 버전인지 검증(최신버전)",D.8.r.7b,4,AN,MedDRA 버전,,,"1. 조건부필수값으로 D.8.r.7b 항목값이 있는 경우 항목값 여부 검증
 1) D.8.r.7b 항목값이 입력 된 경우 필수
2. 입력값이 4자 이하인지 검증
3. 허용하고 있는 MedDRA 버전인지 검증(최신버전)
4. 입력된 MedDRA 버전이 D.7.1.r.1a, D.8.r.6a, D.8.r.7a, D.9.2.r.1a, D.9.4.r.1a, D.10.7.1.r.1a, D.10.8.r.6a, D.10.8.r.7a, E.i.2.1a, F.r.2.2a, G.k.7.r.2a, H.3.r.1a 항목과 비교하여 동일한지 검증
5. D.8.r.7b 입력여부 검증",,
102,D.8.r.7b,Reaction (MedDRA code),약물이상반응의 MedDRA 코드,조건부필수,"2.16.840.1.113883.3.989.2.1.1.19
2.16.840.1.113883.6.163","1. 조건부필수값으로 D.8.r.7a 항목값이 있는 경우 항목값 여부 검증
 1) D.8.r.7a 항목값이 입력 된 경우 필수
2. 입력값이 8자 이하인지 검증
3. 입력값이 D.8.r.7a 항목에 입력된 버전의 MedDRA 코드인지 검증",D.8.r.7a,8,N,MedDRA 코드 8자리,,,"1. 조건부필수값으로 D.8.r.7a 항목값이 있는 경우 항목값 여부 검증
 1) D.8.r.7a 항목값이 입력 된 경우 필수
2. OID 비교 검증
3. 입력값이 8자 이하인지 검증
4. 입력값이 D.8.r.7a 항목에 입력된 버전의 MedDRA 코드인지 검증
5. D.8.r.7a 입력여부 검증",,
103,D.9.1,Date of Death,사망일,비필수,,"1. 비필수로 입력값이 있는 경우 검증
2. 입력값이 날짜 형식인지 검증
3. 최소 CCYY까지 입력되었는지 검증
4. 미래날짜는 입력불가
5. nullflavor는 ""MSK"", ""ASKU"", ""NASK""만 허용",,-,Date/Time,CCYY (Minimum),"MSK, ASKU, NASK",,"1. 비필수로 입력값이 있는 경우 검증
2. 입력값이 날짜 형식인지 검증
3. 최소 CCYY까지 입력되었는지 검증
4. 미래날짜는 입력불가
5. nullflavor는 ""MSK"", ""ASKU"", ""NASK""만 허용",,
104,D.9.2.r.1a,MedDRA Version for Reported Cause(s) of Death,사망원인의 MedDRA 버전,조건부필수,,"1. 조건부필수값으로 D.9.2.r.1b 항목값이 있는 경우 항목값 여부 검증
 1) D.9.2.r.1b 항목값이 입력 된 경우 필수
2. 입력값이 4자 이하인지 검증
3. 허용하고 있는 MedDRA 버전인지 검증(최신버전)",D.9.2.r.1b,4,AN,MedDRA 버전,,,"1. 조건부필수값으로 D.9.2.r.1b 항목값이 있는 경우 항목값 여부 검증
 1) D.9.2.r.1b 항목값이 입력 된 경우 필수
2. 입력값이 4자 이하인지 검증
3. 허용하고 있는 MedDRA 버전인지 검증(최신버전)
4. 입력된 MedDRA 버전이 D.7.1.r.1a, D.8.r.6a, D.8.r.7a, D.9.2.r.1a, D.9.4.r.1a, D.10.7.1.r.1a, D.10.8.r.6a, D.10.8.r.7a, E.i.2.1a, F.r.2.2a, G.k.7.r.2a, H.3.r.1a 항목과 비교하여 동일한지 검증
5. D.9.2.r.1b 입력여부 검증",,
105,D.9.2.r.1b,Reported Cause(s) of Death (MedDRA code),사망원인의 MedDRA 코드,조건부필수,"2.16.840.1.113883.3.989.2.1.1.19
2.16.840.1.113883.6.163","1. 조건부필수값으로 D.9.2.r.1a 항목값이 있는 경우 항목값 여부 검증
 1) D.9.2.r.1a 항목값이 입력 된 경우 필수
2. 입력값이 8자 이하인지 검증
3. 입력값이 D.9.2.r.1a 항목에 입력된 버전의 MedDRA 코드인지 검증",D.9.2.r.1a,8,N,MedDRA 코드 8자리,,,"1. 조건부필수값으로 D.9.2.r.1a 항목값이 있는 경우 항목값 여부 검증
 1) D.9.2.r.1a 항목값이 입력 된 경우 필수
2. OID 비교 검증
3. 입력값이 8자 이하인지 검증
4. 입력값이 D.9.2.r.1a 항목에 입력된 버전의 MedDRA 코드인지 검증
5. D.9.2.r.1a 입력여부 검증",,
106,D.9.2.r.2,Reported Cause(s) of Death (free text),사망원인 설명,조건부필수,2.16.840.1.113883.3.989.2.1.1.19,"1. 조건부필수값으로 D.9.2.r.1 항목값이 있는 경우 항목값 여부 검증
 1) D.9.2.r.1 항목값이 입력 된 경우 필수
2. 입력값이 250자 이하인지 검증",D.9.2.r.1,250,AN,자유기재,,,"1. 조건부필수값으로 D.9.2.r.1 항목값이 있는 경우 항목값 여부 검증
 1) D.9.2.r.1 항목값이 입력 된 경우 필수
2. OID 비교 검증
3. 입력값이 250자 이하인지 검증",,
107,D.9.3,Was Autopsy Done?,부검 여부,조건부필수,2.16.840.1.113883.3.989.2.1.1.19,"1. 조건부필수값으로 D.9.1 항목에 값이 있는 경우 항목값 여부 검증
 1) D.9.1 항목값이 입력 된 경우 필수
2. 입력값은 ""예"", ""아니오"" 만 허용함
3. nullflavor는 ""MSK"", ""ASKU"", ""NASK"", ""UNK"" 만 허용",D.9.1,-,Boolean,"예
아니오","MSK, ASKU, NASK, UNK",,"1. 조건부필수값으로 D.9.1 항목에 값이 있는 경우 항목값 여부 검증
 1) D.9.1 항목값이 입력 된 경우 필수
2. OID 비교 검증
3. 입력값은 ""예"", ""아니오"" 만 허용함
4. nullflavor는 ""MSK"", ""ASKU"", ""NASK"", ""UNK"" 만 허용",,
108,D.9.4.r.1a,MedDRA Version for Autopsy-determined Cause(s) of Death,사망원인의 MedDRA 버전,조건부필수,,"1. 조건부필수값으로 D.9.4.r.1b 항목값이 있는 경우 항목값 여부 검증
 1) D.9.4.r.1b 항목값이 입력 된 경우 필수
2. 입력값이 4자 이하인지 검증
3. 허용하고 있는 MedDRA 버전인지 검증(최신버전)",D.9.4.r.1b,4,AN,MedDRA 버전,,,"1. 조건부필수값으로 D.9.4.r.1b 항목값이 있는 경우 항목값 여부 검증
 1) D.9.4.r.1b 항목값이 입력 된 경우 필수
2. 입력값이 4자 이하인지 검증
3. 허용하고 있는 MedDRA 버전인지 검증(최신버전)
4. 입력된 MedDRA 버전이 D.7.1.r.1a, D.8.r.6a, D.8.r.7a, D.9.2.r.1a, D.10.7.1.r.1a, D.10.8.r.6a, D.10.8.r.7a, E.i.2.1a, F.r.2.2a, G.k.7.r.2a, H.3.r.1a 항목과 비교하여 동일한지 검증
5. D.9.4.r.1b 입력여부 검증",,
109,D.9.4.r.1b,Autopsy-determined Cause(s) of Death (MedDRA code),사망원인의 MedDRA 코드,조건부필수,"2.16.840.1.113883.3.989.2.1.1.19
2.16.840.1.113883.6.163","1. 조건부필수값으로 D.9.4.r.1a 항목값이 있는 경우 항목값 여부 검증
 1) D.9.4.r.1a 항목값이 입력 된 경우 필수
2. 입력값이 8자 이하인지 검증
3. 입력값이 D.9.4.r.1a 항목에 입력된 버전의 MedDRA 코드인지 검증",D.9.4.r.1a,8,N,MedDRA 코드 8자리,,,"1. 조건부필수값으로 D.9.4.r.1a 항목값이 있는 경우 항목값 여부 검증
 1) D.9.4.r.1a 항목값이 입력 된 경우 필수
2. OID 비교 검증
3. 입력값이 8자 이하인지 검증
4. 입력값이 D.9.4.r.1a 항목에 입력된 버전의 MedDRA 코드인지 검증
5. D.9.4.r.1a 입력여부 검증",,
110,D.9.4.r.2,Autopsy-determined Cause(s) of Death (free text),사망원인 설명,조건부필수,2.16.840.1.113883.3.989.2.1.1.19,"1. 조건부필수값으로 D.9.4.r.1 항목에 값이 있는 경우 항목값 여부 검증
 1) D.9.4.r.1 항목값이 입력 된 경우 필수
2. 입력값이 250자 이하인지 검증","D.9.4.r.1a, 
D.9.4.r.1b",250,AN,자유기재,,,"1. 조건부필수값으로 D.9.4.r.1 항목에 값이 있는 경우 항목값 여부 검증
 1) D.9.4.r.1 항목값이 입력 된 경우 필수
2. OID 비교 검증
3. 입력값이 250자 이하인지 검증",,
111,D.10.1,Parent Identification,부모이름(이니셜),비필수,2.16.840.1.113883.5.111,"1. 비필수로 입력값이 있는 경우 검증
2. 입력값이 60자 이하인지 검증
3. nullflavor는 ""MSK"", ""ASKU"", ""NASK"", ""UNK""만 허용",,60,AN,자유기재,"MSK, ASKU, NASK, UNK",,"1. 비필수로 입력값이 있는 경우 검증
2. OID 비교 검증
3. 입력값이 60자 이하인지 검증
4. nullflavor는 ""MSK"", ""ASKU"", ""NASK"", ""UNK""만 허용",,
112,D.10.2.1,Date of Birth of Parent,부모의 생년월일,비필수,,"1. 비필수로 입력값이 있는 경우 검증
2. 입력값이 날짜 형식인지 검증
3. 최소 CCYY까지 입력되었는지 검증
4. 미래날짜는 입력불가
5. nullflavor는 ""MSK"", ""ASKU"", ""NASK""만 허용
6. D.10.2.2 항목값이 입력되었는지 검증
 1) D.10.2.1, D.10.2.2 항목 중 1항목만 입력",D.10.2.2,-,Date/Time,CCYY (Minimum),"MSK, ASKU, NASK",,"1. 비필수로 입력값이 있는 경우 검증
2. 입력값이 날짜 형식인지 검증
3. 최소 CCYY까지 입력되었는지 검증
4. 미래날짜는 입력불가
5. nullflavor는 ""MSK"", ""ASKU"", ""NASK""만 허용
6. D.10.2.2 항목값이 입력되었는지 검증","-부모의 생년월일 및 연령 중 1개만 입력해야 하나요?
본 개정에서 해당 조건(6. D.10.2.2 항목값이 입력되었는지 검증  1) D.10.2.1, D.10.2.2 항목 중 1항목만 입력)이 추가된 배경이 궁금합니다. 해당 정보가 수집되었을 때 이를 모두 입력 가능하도록 설정되면 좋을 것 같습니다.",
113,D.10.2.2a,Age of Parent (number),부모의 연령(숫자),조건부필수,2.16.840.1.113883.3.989.2.1.1.19,"1. 조건부필수값으로 D.10.2.2b 값이 있는 경우 항목값 여부 검증
2. 입력값이 3이하인지 검증
3. 입력값은 숫자만 허용함
4. D.10.2.2a 입력여부 검증
5. D.10.2.1 항목값이 입력되었는지 검증
 1) D.10.2.1, D.10.2.2 항목 중 1항목만 입력","D.10.2.1, 
D.10.2.2b",3,N,숫자,,,"1. 조건부필수값으로 D.10.2.2b 값이 있는 경우 항목값 여부 검증
2. OID 비교 검증
3. 입력값이 3이하인지 검증
4. 입력값은 숫자만 허용함
5. D.10.2.2a 입력여부 검증
6. D.10.2.1 항목값이 입력되었는지 검증",,
114,D.10.2.2b,Age of Parent (unit),부모의 연령(단위),조건부필수,2.16.840.1.113883.3.989.2.1.1.26,"1. 조건부필수값으로 D.10.2.2a 값이 있는 경우 항목값 여부 검증
2. 입력값이 50이하인지 검증
3. 입력값은 UCUM 코드로 허용된 코드인지 검증
4. D.10.2.2a 입력여부 검증
5. D.10.2.1 항목값이 입력되었는지 검증
 1) D.10.2.1, D.10.2.2 항목 중 1항목만 입력","D.10.2.1, 
D.10.2.2a",50,AN,"연, 연대",,,"1. OID 비교 검증
2. 조건부필수값으로 D.10.2.2a 값이 있는 경우 항목값 여부 검증
3. 입력값이 50이하인지 검증
4. 입력값은 UCUM 코드로 허용된 코드인지 검증
5. D.10.2.2a 입력여부 검증
6. D.10.2.1 항목값이 입력되었는지 검증",,
115,D.10.3,Last Menstrual Period Date of Parent,부모(어머니)의 최종 월경일,비필수,2.16.840.1.113883.3.989.2.1.1.19,"1. 비필수로 입력값이 있는 경우 검증
2. 입력값이 날짜 형식인지 검증
3. 최소 CCYY까지 입력되었는지 검증
4. 미래날짜는 입력불가
5. nullflavor는 ""MSK"", ""ASKU"", ""NASK""만 허용",,-,Date/Time,CCYY (Minimum),"MSK, ASKU, NASK",,"1. 비필수로 입력값이 있는 경우 검증
2. OID 비교 검증
3. 입력값이 날짜 형식인지 검증
4. 최소 CCYY까지 입력되었는지 검증
5. 미래날짜는 입력불가
6. nullflavor는 ""MSK"", ""ASKU"", ""NASK""만 허용",,
116,D.10.4,Body Weight (kg) of Parent,부모의 체중(kg),비필수,2.16.840.1.113883.3.989.2.1.1.19,"1. 비필수로 입력값이 있는 경우 검증
2. 입력값이 6자 이하인지 검증
3. 입력값은 숫자(소수점)만 허용함",,6,N,숫자(소수점),,,"1. 비필수로 입력값이 있는 경우 검증
2. OID 비교 검증
3. 입력값이 6자 이하인지 검증
4. 입력값은 숫자(소수점)만 허용함",,
117,D.10.5,Height (cm) of Parent,부모의 신장(cm),비필수,2.16.840.1.113883.3.989.2.1.1.19,"1. 비필수로 입력값이 있는 경우 검증
2. 입력값이 3자 이하인지 검증
3. 입력값은 숫자만 허용함",,3,N,숫자,,,"1. 비필수로 입력값이 있는 경우 검증
2. OID 비교 검증
3. 입력값이 3자 이하인지 검증
4. 입력값은 숫자만 허용함",,
118,D.10.6,Sex of Parent,부모의 성별,조건부필수,1.0.5218,"1. 조건부필수값으로 D.10 항목 중 입력값이 있는경우 검증
 1) D.10 항목값이 입력 된 경우 필수
2. 입력값이 1자 이하인지 검증
3. 입력값은 ""1"",""2""만 허용함
4. nullflavor는 ""MSK"", ""UNK"", ""ASKU"", ""NASK"" 만 허용
5. D.10 항목의 값이 입력된 경우 검증",,1,N,"1=남성
2=여성","MSK, UNK, ASKU, NASK",,"1. 비필수로 입력값이 있는 경우 검증
2. OID 비교 검증
3. 입력값이 1자 이하인지 검증
4. 입력값은 ""1"",""2""만 허용함
5. nullflavor는 ""MSK"", ""UNK"", ""ASKU"", ""NASK"" 만 허용
6. D.10 항목의 값이 입력된 경우 검증",,
119,D.10.7.1.r.1a,MedDRA Version for Medical History,과거 병력 MedDRA 버전,조건부필수,,"1. 조건부필수값으로 D.10.7.1.r.1b 항목값이 있는 경우 항목값 여부 검증
 1) D.10.7.1.r.1b 항목값이 입력 된 경우 필수
2. 입력값이 4자 이하인지 검증
3. 허용하고 있는 MedDRA 버전인지 검증(최신버전)",D.10.7.1.r.1b,4,AN,MedDRA 버전,,,"1. 조건부필수값으로 D.10.7.1.r.1b 항목값이 있는 경우 항목값 여부 검증
 1) D.10.7.1.r.1b 항목값이 입력 된 경우 필수
2. 입력값이 4자 이하인지 검증
3. 허용하고 있는 MedDRA 버전인지 검증(최신버전)
4. 입력된 MedDRA 버전이 D.7.1.r.1a, D.8.r.6a, D.8.r.7a, D.9.2.r.1a, D.9.4.r.1a, D.10.8.r.6a, D.10.8.r.7a, E.i.2.1a, F.r.2.2a, G.k.7.r.2a, H.3.r.1a 항목과 비교하여 동일한지 검증
5. D.10.7.1.r.1b 입력여부 검증",,
120,D.10.7.1.r.1b,Medical History (disease / surgical procedure / etc.) (MedDRA code),과거 병력 MedDRA 코드,조건부필수,"2.16.840.1.113883.3.989.2.1.1.20
2.16.840.1.113883.6.163","1. 조건부필수값으로 D.10.7.1.r.1a 항목값이 있는 경우 항목값 여부 검증
 1) D.10.7.1.r.1a 항목값이 입력 된 경우 필수
2. 입력값이 8자 이하인지 검증
3. 입력값이 D.10.7.1.r.1a 항목에 입력된 버전의 MedDRA 코드인지 검증",D.10.7.1.r.1a,8,N,MedDRA 코드 8자리,,,"1. 조건부필수값으로 D.10.7.1.r.1a 항목값이 있는 경우 항목값 여부 검증
 1) D.10.7.1.r.1a 항목값이 입력 된 경우 필수
2. OID 비교 검증
3. 입력값이 8자 이하인지 검증
4. 입력값이 D.10.7.1.r.1a 항목에 입력된 버전의 MedDRA 코드인지 검증
5. D.10.7.1.r.1a 입력여부 검증",,
121,D.10.7.1.r.2,Start Date,시작일,비필수,,"1. 비필수로 입력값이 있는 경우 검증
2. 입력값이 날짜 형식인지 검증
3. 최소 CCYY까지 입력되었는지 검증
4. 미래날짜는 입력불가
3. nullflavor는 ""MSK"", ""ASKU"", ""NASK""만 허용",,-,Date/Time,CCYY (Minimum),"MSK, ASKU, NASK",,"1. 비필수로 입력값이 있는 경우 검증
2. 입력값이 날짜 형식인지 검증
3. 최소 CCYY까지 입력되었는지 검증
4. 미래날짜는 입력불가
3. nullflavor는 ""MSK"", ""ASKU"", ""NASK""만 허용",,
122,D.10.7.1.r.3,Continuing,지속여부,비필수,2.16.840.1.113883.3.989.2.1.1.19,"1. 비필수로 입력값이 있는 경우 검증
2. 입력값은 ""예"",""아니오""만 허용함
3. nullflavor는 ""MSK"", ""ASKU"", ""NASK"", ""UNK"" 만 허용",,-,Boolean,"예
아니오","MSK, ASKU, NASK, UNK",,"1. 비필수로 입력값이 있는 경우 검증
2. OID 비교 검증
3. 입력값은 ""예"",""아니오""만 허용함
5. nullflavor는 ""MSK"", ""ASKU"", ""NASK"", ""UNK"" 만 허용",,
123,D.10.7.1.r.4,End Date,종료일,비필수,,"1. 비필수로 입력값이 있는 경우 검증
2. 입력값이 날짜 형식인지 검증
3. 최소 CCYY까지 입력되었는지 검증
4. 미래날짜는 입력불가
5. nullflavor는 ""MSK"", ""ASKU"", ""NASK""만 허용
6. D.10.7.1.r.2 항목값보다 과거일자 입력 불가능",,-,Date/Time,CCYY (Minimum),"MSK, ASKU, NASK",,"1. 비필수로 입력값이 있는 경우 검증
2. 입력값이 날짜 형식인지 검증
3. 최소 CCYY까지 입력되었는지 검증
4. 미래날짜는 입력불가
5. nullflavor는 ""MSK"", ""ASKU"", ""NASK""만 허용
6. D.10.7.1.r.2 항목값보다 과거일자 입력 불가능",,
124,D.10.7.1.r.5,Comments,비고,비필수,2.16.840.1.113883.3.989.2.1.1.19,"1. 비필수로 입력값이 있는 경우 검증
2. 입력값이 2000자 이하인지 검증",,2000,AN,자유기재,,,"1. 비필수로 입력값이 있는 경우 검증
2. OID 비교 검증
3. 입력값이 2000자 이하인지 검증",,
125,D.10.7.2,Text for Relevant Medical History and Concurrent Conditions of Parent,과거 병력 설명,비필수,2.16.840.1.113883.3.989.2.1.1.19,"1. 비필수로 입력값이 있는 경우 검증
2. 입력값이 10000자 이하인지 검증",,10000,AN,자유기재,,,"1. 비필수로 입력값이 있는 경우 검증
2. OID 비교 검증
3. 입력값이 10000자 이하인지 검증",,
126,D.10.8.r.1,Name of Drug as Reported,의약품명,비필수,,"1. 비필수로 입력값이 있는 경우 검증
2. 입력값이 250자 이하인지 검증",,250,AN,자유기재,,,"1. 비필수로 입력값이 있는 경우 검증
2. 입력값이 250자 이하인지 검증",,
127,D.10.8.r.1.KR.1a,medicinal product version,의약품 코드 버전,조건부필수,,"1. 조건부필수값으로 입력값이 있는경우 검증
 1) N.2.r.3 항목값이 입력값이 국외(FR)의 경우 필수 입력값 검증
2. 허용하고 있는 (WHODrug)버전인지 검증
3. 입력값이 20자 이하인지 검증",D.10.8.r.1.KR.1b,20,AN,국외 이상사례보고의 경우 WHODrug 버전(Global C3 Short version) 입력,,,"1. 조건부필수값으로 입력값이 있는경우 검증
2. N.2.r.3 항목값이 입력값이 국외(FR)의 경우 필수 입력값 검증
 1) 허용하고 있는 (WHODrug)버전인지 검증
3. 입력값이 20자 이하인지 검증
4. D.10.8.r.1.KR.1b에 입력된 경우 필수로 값 입력해야함",,
128,D.10.8.r.1.KR.1b,medicinal product ID,의약품 코드,조건부필수,"국내=2.16.840.1.113883.3.989.5.1.10.2.1
국외=2.16.840.1.113883.6.294","1. 조건부필수값으로 입력값이 있는경우 검증
 1) N.2.r.3 항목의 입력값이 ""국내(KR)"", ""국외(FR)""인 경우 검증
 2) N.2.r.3 항목값이 시판 후 국내(KR)보고인 경우 품목기준코드 입력 검증
 3) N.2.r.3 항목값이 시판 후 국외(FR)보고인 경우 WHODrug코드 입력 검증
3. 입력값이 10자 이하인지 검증
4. N.2.r.3 항목값이 시판 후 국외(FR)보고인 경우 입력값이 D.10.8.r.1.KR.1a 항목에 입력된 버전의 코드인지 검증",D.10.8.r.1.KR.1a,10,AN,"국내 이상사례보고의 경우 품목기준코드 입력
국외 이상사례보고의 경우 WHODrug (Global C3 Medicinalprod Id)코드 입력",,,"1. 조건부필수값으로 입력값이 있는경우 검증
2. N.2.r.3 항목의 입력값이 ""국내(KR)"", ""국외(FR)""인 경우 필수값으로 검증
 1) N.2.r.3 항목값이 시판 후 국내(KR)보고인 경우 품목기준코드 입력을 필수값으로 검증
 2) N.2.r.3 항목값이 시판 후 국외(FR)보고인 경우 WHODrug코드 입력을 필수값으로 검증
3. OID 비교 검증
4. 입력값이 10자 이하인지 검증
5. N.2.r.3 항목값이 시판 후 국외(FR)보고인 경우 입력값이 D.10.8.r.1.KR.1a 항목에 입력된 버전의 코드인지 검증",,
129,D.10.8.r.2a,MPID Version Date/Number,의약품식별자(MPID) 버전,비필수,,"1. 비필수로 D.10.8.r.2b에 항목값이 있는 경우 항목 여부 검증
2. 입력값이 10자 이하인지 검증
3. 입력값이 보유하고 있는 MPID 버전과 일치하는지 검증
4. D.10.8.r.2b 항목에 값이 입력되었는지 검증",D.10.8.r.2b,10,AN,IDMP,,IDMP 확정 후 사용,"1. 비필수로 D.10.8.r.2b에 항목값이 있는 경우 항목 여부 검증
2. 입력값이 10자 이하인지 검증
3. 입력값이 보유하고 있는 MPID 버전과 일치하는지 검증
4. D.10.8.r.2b 항목에 값이 입력되었는지 검증",,
130,D.10.8.r.2b,Medicinal Product Identifier (MPID),의약품식별자(MPID),비필수,TBD,"1. 비필수로 D.10.8.r.2a에 항목값이 있는 경우 항목 여부 검증
2. 입력값이 1000자 이하인지 검증
3. 입력값이 D.10.8.r.2a 항목의 버전의 MPID 코드인지 검증
4. D.10.8.r.2a 항목에 값이 입력되었는지 검증",D.10.8.r.2a,1000,AN,IDMP,,IDMP 확정 후 사용,"1. 비필수로 D.10.8.r.2a에 항목값이 있는 경우 항목 여부 검증
2. 입력값이 1000자 이하인지 검증
3. 입력값이 D.10.8.r.2a 항목의 버전의 MPID 코드인지 검증
4. D.10.8.r.2a 항목에 값이 입력되었는지 검증",,
131,D.10.8.r.3a,PhPID Version Date/Number,제제식별자(PhPID) 버전,비필수,,"1. 비필수로 D.10.8.r.3b 에 항목값이 있는 경우 항목 여부 검증
2. 입력값이 10자 이하인지 검증
3. 입력값이 보유하고 있는 PhPID 버전과 일치하는지 검증
4. D.10.8.r.3b 항목에 값이 입력되었는지 검증",D.10.8.r.3b,10,AN,IDMP,,IDMP 확정 후 사용,"1. 비필수로 D.10.8.r.3b 에 항목값이 있는 경우 항목 여부 검증
2. 입력값이 10자 이하인지 검증
3. 입력값이 보유하고 있는 PhPID 버전과 일치하는지 검증
4. D.10.8.r.3b 항목에 값이 입력되었는지 검증",,
132,D.10.8.r.3b,Pharmaceutical Product Identifier (PhPID),제제식별자(PhPID),비필수,TBD,"1. 비필수로 D.10.8.r.3a에 항목값이 있는 경우 항목 여부 검증
2. 입력값이 250자 이하인지 검증
3. 입력값이 D.10.8.r.3a 항목의 버전의 PhPID 코드인지 검증
4. D.10.8.r.3a 항목에 값이 입력되었는지 검증",D.10.8.r.3a,250,AN,IDMP,,IDMP 확정 후 사용,"1. 비필수로 D.10.8.r.3a에 항목값이 있는 경우 항목 여부 검증
2. 입력값이 250자 이하인지 검증
3. 입력값이 D.10.8.r.3a 항목의 버전의 PhPID 코드인지 검증
4. D.10.8.r.3a 항목에 값이 입력되었는지 검증",,
133,D.10.8.r.4,Start Date,시작일,비필수,,"1. 비필수로 입력값이 있는 경우 검증
2. 입력값이 날짜 형식인지 검증
3. 최소 CCYY까지 입력되었는지 검증
4. 미래날짜는 입력불가
3. nullflavor는 ""MSK"", ""ASKU"", ""NASK""만 허용",,-,Date/Time,CCYY (Minimum),"MSK, ASKU, NASK",,"1. 비필수로 입력값이 있는 경우 검증
2. 입력값이 날짜 형식인지 검증
3. 최소 CCYY까지 입력되었는지 검증
4. 미래날짜는 입력불가
3. nullflavor는 ""MSK"", ""ASKU"", ""NASK""만 허용",,
134,D.10.8.r.5,End Date,종료일,비필수,,"1. 비필수로 입력값이 있는 경우 검증
2. 입력값이 날짜 형식인지 검증
3. 최소 CCYY까지 입력되었는지 검증
4. 미래날짜는 입력불가
5. nullflavor는 ""MSK"", ""ASKU"", ""NASK""만 허용
6.  D.10.8.r.4 항목값보다 과거일자 입력 불가능",D.10.8.r.4,-,Date/Time,CCYY (Minimum),"MSK, ASKU, NASK",,"1. 비필수로 입력값이 있는 경우 검증
2. 입력값이 날짜 형식인지 검증
3. 최소 CCYY까지 입력되었는지 검증
4. 미래날짜는 입력불가
5. nullflavor는 ""MSK"", ""ASKU"", ""NASK""만 허용
6.  D.10.8.r.4 항목값보다 과거일자 입력 불가능",,
135,D.10.8.r.6a,MedDRA Version for Indication,적응증의 MedDRA 버전,조건부필수,,"1. 조건부필수값으로 D.10.8.r.6b 항목값이 있는 경우 항목값 여부 검증
 1) D.10.8.r.6b 항목값이 입력 된 경우 필수
2. 입력값이 4자 이하인지 검증
3. 허용하고 있는 MedDRA 버전인지 검증(최신버전)",D.10.8.r.6b,4,AN,MedDRA 버전,,,"1. 조건부필수값으로 D.10.8.r.6b 항목값이 있는 경우 항목값 여부 검증
 1) D.10.8.r.6b 항목값이 입력 된 경우 필수
2. 입력값이 4자 이하인지 검증
3. 허용하고 있는 MedDRA 버전인지 검증(최신버전)
4. 입력된 MedDRA 버전이 D.7.1.r.1a, D.8.r.6a, D.8.r.7a, D.9.2.r.1a, D.9.4.r.1a, D.10.7.1.r.1a, D.10.8.r.7a, E.i.2.1a, F.r.2.2a, G.k.7.r.2a, H.3.r.1a 항목과 비교하여 동일한지 검증
5. D.10.8.r.6b 입력여부 검증",,
136,D.10.8.r.6b,Indication (MedDRA code),적응증의 MedDRA 코드,조건부필수,"2.16.840.1.113883.3.989.2.1.1.19
2.16.840.1.113883.6.163","1. 조건부필수값으로 D.10.8.r.6a 항목값이 있는 경우 항목값 여부 검증
 1) D.10.8.r.6a 항목값이 입력 된 경우 필수
2. 입력값이 8자 이하인지 검증
3. 입력값이 D.10.8.r.6a 항목에 입력된 버전의 MedDRA 코드인지 검증",D.10.8.r.6a,8,N,MedDRA 코드 8자리,,,"1. 조건부필수값으로 D.10.8.r.6a 항목값이 있는 경우 항목값 여부 검증
 1) D.10.8.r.6a 항목값이 입력 된 경우 필수
2. OID 비교 검증
3. 입력값이 8자 이하인지 검증
4. 입력값이 D.10.8.r.6a 항목에 입력된 버전의 MedDRA 코드인지 검증
5. D.10.8.r.6a 입력여부 검증",,
137,D.10.8.r.7a,MedDRA Version for Reaction,약물이상반응의 MedDRA 버전,조건부필수,,"1. 조건부필수값으로 D.10.8.r.7b 항목값이 있는 경우 항목값 여부 검증
 1) D.10.8.r.7b 항목값이 입력 된 경우 필수
2. 입력값이 4자 이하인지 검증
3. 허용하고 있는 MedDRA 버전인지 검증(최신버전)",D.10.8.r.7b,4,AN,MedDRA 버전,,,"1. 조건부필수값으로 D.10.8.r.7b 항목값이 있는 경우 항목값 여부 검증
 1) D.10.8.r.7b 항목값이 입력 된 경우 필수
2. 입력값이 4자 이하인지 검증
3. 허용하고 있는 MedDRA 버전인지 검증(최신버전)
4. 입력된 MedDRA 버전이 D.7.1.r.1a, D.8.r.6a, D.8.r.7a, D.9.2.r.1a, D.9.4.r.1a, D.10.7.1.r.1a, D.10.8.r.6a, E.i.2.1a, F.r.2.2a, G.k.7.r.2a, H.3.r.1a 항목과 비교하여 동일한지 검증
5. D.10.8.r.7b 입력여부 검증",,
138,D.10.8.r.7b,Reactions (MedDRA code),약물이상반응의 MedDRA 코드,조건부필수,"2.16.840.1.113883.3.989.2.1.1.19
2.16.840.1.113883.6.163","1. 조건부필수값으로 D.10.8.r.7a 항목값이 있는 경우 항목값 여부 검증
 1) D.10.8.r.7a 항목값이 입력 된 경우 필수
2. 입력값이 8자 이하인지 검증
3. 입력값이 D.10.8.r.7a 항목에 입력된 버전의 MedDRA 코드인지 검증",D.10.8.r.7a,8,N,MedDRA 코드 8자리,,,"1. 조건부필수값으로 D.10.8.r.7a 항목값이 있는 경우 항목값 여부 검증
 1) D.10.8.r.7a 항목값이 입력 된 경우 필수
2. OID 비교 검증
3. 입력값이 8자 이하인지 검증
4. 입력값이 D.10.8.r.7a 항목에 입력된 버전의 MedDRA 코드인지 검증
5. D.10.8.r.7a 입력여부 검증",,
139,E.i.1.1a,Reaction / Event as Reported by the Primary Source in Native Language,원보고자가 보고한 약물이상반응/이상사례(현지 언어),비필수,,"1. 비필수로 항목값이 입력된 경우 검증
2. 입력값이 250자 이하인지 검증",,250,AN,자유기재,,,"1. 비필수로 항목값이 입력된 경우 검증
2. 입력값이 250자 이하인지 검증",,
140,E.i.1.1b,Reaction / Event as Reported by the Primary Source Language,원보고자의 현지언어,조건부필수,"1.0.639.2
2.16.840.1.113883.6.100","1. 조건부필수값으로 E.i.1.1a 항목에 값이 있는 경우 항목 검증
2. 입력값이 3자리 이하인지 검증
3. 입력값은 ""ISO 639-2 RA, alpha-3""에 포함된 코드만 허용함",E.i.1.1a,3,A,"ISO 639-2/RA, alpha-3",,,"1. 조건부필수값으로 E.i.1.1a 항목에 값이 있는 경우 항목 검증
2. OID 비교 검증
3. 입력값이 3자리 이하인지 검증
4. 입력값은 ""ISO 639-2 RA, alpha-3""에 포함된 코드만 허용함",,
141,E.i.1.2,Reaction / Event as Reported by the Primary Source for Translation,원보고자가 보고한 약물이상반응/이상사례,비필수,2.16.840.1.113883.3.989.2.1.1.19,"1. 비필수로 항목값이 입력된 경우 검증
2. 입력값이 250자 이하인지 검증",,250,AN,자유기재,,,"1. 비필수로 항목값이 입력된 경우 검증
2. OID 비교 검증
3. 입력값이 250자 이하인지 검증",,
142,E.i.2.1a,MedDRA Version for Reaction / Event,약물이상반응/이상사례 MedDRA 버전,필수,,"1. 필수값으로 항목값 여부 검증
2. 입력값이 4자 이하인지 검증
3. 허용하고 있는 MedDRA 버전인지 검증(최신버전)",E.i.2.1b,4,AN,MedDRA 버전,,,"1. 필수값으로 항목값 여부 검증
2. 입력값이 4자 이하인지 검증
3. 허용하고 있는 MedDRA 버전인지 검증(최신버전)
4. 입력된 MedDRA 버전이 D.7.1.r.1a ,D.8.r.6a, D.8.r.7a, D.9.2.r.1a, D.9.4.r.1a, D.10.7.1.r.1a, D.10.8.r.6a, D.10.8.r.7a, F.r.2.2a, G.k.7.r.2a, H.3.r.1a 항목과 비교하여 동일한지 검증
5. E.i.2.1b 입력여부 검증",,
143,E.i.2.1b,Reaction / Event (MedDRA code),약물이상반응/이상사례 MedDRA 코드,필수,"2.16.840.1.113883.3.989.2.1.1.19
2.16.840.1.113883.6.163","1. 필수값으로 항목값 여부 검증
2. 입력값이 8자 이하인지 검증
3. E.i.2.1a항목에 입력된 MedDRA 버전의 MedDRA 코드인지 검증",E.i.2.1a,8,N,MedDRA 코드 8자리,,,"1. 필수값으로 항목값 여부 검증
2. OID 비교 검증
3. 입력값이 8자 이하인지 검증
4. E.i.2.1a 항목 입력여부 검증
4. E.i.2.1a항목에 입력된 MedDRA 버전의 MedDRA 코드인지 검증",,
144,E.i.3.1,Term Highlighted by the Reporter,원보고자가 강조한 용어,비필수,"2.16.840.1.113883.3.989.2.1.1.19
2.16.840.1.113883.3.989.2.1.1.10","1. 비필수로 항목값이 입력된 경우 검증
2. 입력값이 1자리 이하인지 검증
3. 입력값은 숫자만 허용함
4. 입력값은 ""1"",""2"",""3"",""4""만 허용",,1,N,"1=원보고자가 강조함. 중대하지 않음.
2=원보고자가 강조하지 않음. 중대하지 않음.
3=원보고자가 강조함. 중대함.
4=원보고자가 강조하지 않음. 중대함.",,,"1. 비필수로 항목값이 입력된 경우 검증
2. OID 비교 검증
3. 입력값이 1자리 이하인지 검증
4. 입력값은 숫자만 허용함
5. 입력값은 ""1"",""2"",""3"",""4""만 허용",,
145,E.i.3.2a,Results in Death,사망,필수,2.16.840.1.113883.3.989.2.1.1.19,"1. 필수값으로 항목값 여부 검증
2. 입력값은 ""예""만 허용함
3. nullflavor는 ""NI""만 허용함",,-,Boolean,예,NI,,"1. OID 비교 검증
2. 필수값으로 항목값 여부 검증
3. 입력값은 ""예""만 허용함
4. nullflavor는 ""NI""만 허용함",,
146,E.i.3.2b,Life Threatening,생명의 위협,필수,2.16.840.1.113883.3.989.2.1.1.19,"1. 필수값으로 항목값 여부 검증
2. 입력값은 ""예""만 허용함
3. nullflavor는 ""NI""만 허용함",,-,Boolean,예,NI,,"1. OID 비교 검증
2. 필수값으로 항목값 여부 검증
3. 입력값은 ""예""만 허용함
4. nullflavor는 ""NI""만 허용함",,
147,E.i.3.2c,Caused / Prolonged Hospitalisation,입원 또는 입원기간의 연장,필수,2.16.840.1.113883.3.989.2.1.1.19,"1. 필수값으로 항목값 여부 검증
2. 입력값은 ""예""만 허용함
3. nullflavor는 ""NI""만 허용함",,-,Boolean,예,NI,,"1. OID 비교 검증
2. 필수값으로 항목값 여부 검증
3. 입력값은 ""예""만 허용함
4. nullflavor는 ""NI""만 허용함",,
148,E.i.3.2d,Disabling / Incapacitating,중대한 불구나 기능저하,필수,2.16.840.1.113883.3.989.2.1.1.19,"1. 필수값으로 항목값 여부 검증
2. 입력값은 ""예""만 허용함
3. nullflavor는 ""NI""만 허용함",,-,Boolean,예,NI,,"1. OID 비교 검증
2. 필수값으로 항목값 여부 검증
3. 입력값은 ""예""만 허용함
4. nullflavor는 ""NI""만 허용함",,
149,E.i.3.2e,Congenital Anomaly / Birth Defect,선천적 기형 초래,필수,2.16.840.1.113883.3.989.2.1.1.19,"1. 필수값으로 항목값 여부 검증
2. 입력값은 ""예""만 허용함
3. nullflavor는 ""NI""만 허용함",,-,Boolean,예,NI,,"1. OID 비교 검증
2. 필수값으로 항목값 여부 검증
3. 입력값은 ""예""만 허용함
4. nullflavor는 ""NI""만 허용함",,
150,E.i.3.2f,Other Medically Important Condition,기타 의학적으로 중요한 상황,필수,2.16.840.1.113883.3.989.2.1.1.19,"1. 필수값으로 항목값 여부 검증
2. 입력값은 ""예""만 허용함
3. nullflavor는 ""NI""만 허용함",,-,Boolean,예,NI,,"1. OID 비교 검증
2. 필수값으로 항목값 여부 검증
3. 입력값은 ""예""만 허용함
4. nullflavor는 ""NI""만 허용함",,
151,E.i.4,Date of Start of Reaction / Event,발현일,비필수,,"1. 비필수로 입력값이 있는 경우 검증
2. 입력값이 날짜 형식인지 검증
3. 최소 CCYY까지 입력되었는지 검증
4. 미래날짜는 입력불가
5. nullflavor는 ""MSK"", ""ASKU"", ""NASK""만 허용
6. 임상시험과 치료목적 사용승인의 경우 필수값으로 검증",,-,Date/Time,CCYY (Minimum),"MSK, ASKU, NASK",임상시험과 치료목적 사용승인의 경우 필수값,"1. 비필수로 입력값이 있는 경우 검증
2. 입력값이 날짜 형식인지 검증
3. 최소 CCYY까지 입력되었는지 검증
4. 미래날짜는 입력불가
5. nullflavor는 ""MSK"", ""ASKU"", ""NASK""만 허용
6. 임상시험과 치료목적 사용승인의 경우 필수값으로 검증",,
152,E.i.5,Date of End of Reaction / Event,종료일,비필수,,"1. 비필수로 입력값이 있는 경우 검증
2. 입력값이 날짜 형식인지 검증
3. 최소 CCYY까지 입력되었는지 검증
4. 미래날짜는 입력불가
5. nullflavor는 ""MSK"", ""ASKU"", ""NASK""만 허용
6. E.i.4 항목값보다 과거일자 입력 불가능
7. 임상시험과 치료목적 사용승인의 경우 필수값으로 검증",,-,Date/Time,CCYY (Minimum),"MSK, ASKU, NASK",임상시험과 치료목적 사용승인의 경우 필수값,"1. 비필수로 입력값이 있는 경우 검증
2. 입력값이 날짜 형식인지 검증
3. 최소 CCYY까지 입력되었는지 검증
4. 미래날짜는 입력불가
5. nullflavor는 ""MSK"", ""ASKU"", ""NASK""만 허용
6. E.i.4 항목값보다 과거일자 입력 불가능
7. 임상시험과 치료목적 사용승인의 경우 필수값으로 검증","임상시험과 치료목적 사용 승인의 경우 종료일이 필수값이라면, E.i.7 값이 1 또는 4인 경우에만 필수값이란 의미인가요?  ",
153,E.i.6a,Duration of Reaction / Event (number),지속 기간,조건부필수,,"1. 조건부필수로 E.i.6b 항목에 값이 있는 경우 항목 여부 검증
2. 입력값이 5자리 이하인지 검증
3. 입력값은 숫자만 허용함",E.i.6b,5,N,숫자,,,"1. 조건부필수로 E.i.6b 항목에 값이 있는 경우 항목 여부 검증
2. 입력값이 5자리 이하인지 검증
3. 입력값은 숫자만 허용함
4. E.i.6b 입력여부 검증",,
154,E.i.6b,Duration of Reaction / Event (unit),지속 기간(단위),조건부필수,2.16.840.1.113883.3.989.2.1.1.26,"1. 조건부필수로 E.i.6a 항목에 값이 있는 경우 항목 여부 검증
2. 입력값이 50자리 이하인지 검증
3. 입력값은 UCUM코드로 허용된 코드인지 검증",E.i.6a,50,AN,제한된 UCUM코드,,,"1. OID 비교 검증
2. 조건부필수로 E.i.6a 항목에 값이 있는 경우 항목 여부 검증
3. 입력값이 50자리 이하인지 검증
4. 입력값은 UCUM코드로 허용된 코드인지 검증
5. E.i.6a 입력여부 검증",,
155,E.i.7,Outcome of Reaction / Event at the Time of Last Observation,최종 관찰 결과,필수,"2.16.840.1.113883.3.989.2.1.1.19
2.16.840.1.113883.3.989.2.1.1.11","1. 필수값으로 항목값 여부 검증
2. 입력값이 1자 이하인지 검증
3. 입력값은 ""1"",""2"",""3"",""4"",""5"",""0""만 허용함",,1,N,"1=회복됨
2=회복중
3=회복되지 않았음
4=회복했지만 후유증 있음
5=약물이상반응/이상사례에 의한 사망
0=알려지지 않음",,,"1. OID 비교 검증
2. 필수값으로 항목값 여부 검증
3. 입력값이 1자 이하인지 검증
4. 입력값은 ""1"",""2"",""3"",""4"",""5"",""0""만 허용함",,
156,E.i.8,Medical Confirmation by Healthcare Professional,의료전문가 확인 여부,비필수,2.16.840.1.113883.3.989.2.1.1.19,"1. 비필수로 입력값이 있는 경우 검증
2. 입력값은 ""예"", ""아니오"" 만 허용",,-,Boolean,"예
아니오",,,"1. 비필수로 입력값이 있는 경우 검증
2. OID 비교 검증
3. 입력값은 ""예"", ""아니오"" 만 허용",,
157,E.i.9,Identification of the Country Where the Reaction / Event Occurred,발현당시 환자가 있던 국가 ,비필수,1.0.3166.1.2.2,"1. 비필수로 입력값이 있는 경우 검증
2. 입력값이 2자 이하인지 검증
3. 입력된 값이 ""ISO 3166-1 alpha-2"" 포함된 값인지 검증
4. 입력값 ""EU""는 허용하지 않음",,2,A,ISO 3166-1 alpha-2,,,"1. 비필수로 입력값이 있는 경우 검증
2. OID 비교 검증
3. 입력값이 2자 이하인지 검증
4. 입력된 값이 ""ISO 3166-1 alpha-2"" 포함된 값인지 검증
5. 입력값 ""EU""는 허용하지 않음",,
158,F.r.1,Test Date,검사 날짜,조건부필수,,"1. 조건부필수값으로 F.r.2.1 또는 F.r.2.1.a 또는 F.r.2.1.b 항목에 값이 있는 경우 검증
2. 입력값이 날짜 형식인지 검증
3. 최소 CCYY까지 입력되었는지 검증
4. 미래날짜는 입력불가
3. nullflavor는 ""MSK""만 허용","F.r.2.1, 
F.r.2.1.a, 
F.r.2.1.b",-,Date/Time,CCYY (Minimum),UNK,,"1. 조건부필수값으로 F.r.2.1 또는 F.r.2.1.a 또는 F.r.2.1.b 항목에 값이 있는 경우 검증
2. 입력값이 날짜 형식인지 검증
3. 최소 CCYY까지 입력되었는지 검증
4. 미래날짜는 입력불가
3. nullflavor는 ""MSK""만 허용",NF의 경우 MSK가 아니라 UNK가 맞을 것 같습니다.,
159,F.r.2.1,Test Name (free text),검사명 설명,조건부필수,,"1. 조건부필수값으로 F.r.1항목에 값이 있고 F.r.2.2b 항목값이 없는 경우 항목값 여부 검증
2. 입력값이 250자 이하인지 검증",,250,AN,자유기재,,,"1. 비필수로 입력값이 있는 경우 검증
1. 조건부필수값으로 F.r.1항목에 값이 있고 F.r.2.2b 항목값이 없는 경우 항목값 여부 검증
2. 입력값이 250자 이하인지 검증",,
160,F.r.2.2a,MedDRA Version for Test Name,검사명의 MedDRA 버전,조건부필수,,"1. 조건부필수값으로 F.r.2.2b 항목값이 있는 경우 항목값 여부 검증
2. 입력값이 4자 이하인지 검증
3. 허용하고 있는 MedDRA 버전인지 검증(최신버전)",F.r.2.2b,4,AN,MedDRA 버전,,,"1. 조건부필수값으로 F.r.2.2b 항목값이 있는 경우 항목값 여부 검증
2. 입력값이 4자 이하인지 검증
3. 허용하고 있는 MedDRA 버전인지 검증(최신버전)
4. 입력된 MedDRA 버전이 D.7.1.r.1a, D.8.r.6a, D.8.r.7a, D.9.2.r.1a, D.9.4.r.1a, D.10.7.1.r.1a, D.10.8.r.6a, D.10.8.r.7a, E.i.2.1a, G.k.7.r.2a, H.3.r.1a 항목과 비교하여 동일한지 검증
5. F.r.2.2b 입력여부 검증",,
161,F.r.2.2b,Test Name (MedDRA code),검사명의 MedDRA 코드,조건부필수,2.16.840.1.113883.6.163,"1. 조건부필수값으로 F.r.2.2a 항목값이 있는 경우 항목값 여부 검증
2. 입력값이 8자 이하인지 검증
3. 입력값이 F.r.2.2a 항목에 입력된 버전의 MedDRA 코드인지 검증",F.r.2.2a,8,N,MedDRA 코드 8자리,,"MedDRA SOC ""Investigations""에 해당하는 LLT코드만 입력","1. 조건부필수값으로 F.r.2.2a 항목값이 있는 경우 항목값 여부 검증
2. OID 비교 검증
3. 입력값이 8자 이하인지 검증
4. 입력값이 F.r.2.2a 항목에 입력된 버전의 MedDRA 코드인지 검증
5. F.r.2.2a 입력여부 검증",,
162,F.r.3.1,Test Result (code),검사 결과,조건부필수,2.16.840.1.113883.3.989.2.1.1.12,"1. 조건부필수값으로 F.r.2 항목에 입력값이 있고, F.r.3.2와 F.r.3.4 항목에 값이 입력되지 않은 경우 항목 여부 검증
2. 입력값이 1자리 이하인지 검증
3. 입력값은 ""1"",""2"",""3"",""4""만 허용함","F.r.2, 
F.r.3.2, 
F.r.3.4",1,N,"1=양성
2=음성
3=경계
4=판정불가",,,"1. 조건부필수값으로 F.r.2 항목에 입력값이 있고, F.r.3.2와 F.r.3.4 항목에 값이 입력되지 않은 경우 항목 여부 검증
2. OID 비교 검증
3. 입력값이 1자리 이하인지 검증
4. 입력값은 ""1"",""2"",""3"",""4""만 허용함",,
163,F.r.3.2,Test Result (value / qualifier),검사 결과 값,조건부필수,,"1. 조건부필수값으로 F.r.2 항목에 입력값이 있고, F.r.3.1와 F.r.3.4 항목에 값이 입력되지 않은 경우 항목 여부 검증
2. 입력값이 50자리 이하인지 검증
3. 입력값은 숫자만 허용함
4. nullflavor는 ""NINF"", ""PINF"" 만 허용","F.r.2, 
F.r.3.1, 
F.r.3.4",50,N,숫자,"NINF, PINF",,"1. 조건부필수값으로 F.r.2 항목에 입력값이 있고, F.r.3.1와 F.r.3.4 항목에 값이 입력되지 않은 경우 항목 여부 검증
2. 입력값이 50자리 이하인지 검증
3. 입력값은 숫자만 허용함
4. nullflavor는 ""NINF"", ""PINF"" 만 허용",,
164,F.r.3.3,Test Result (unit),검사 결과(단위),조건부필수,2.16.840.1.113883.6.8,"1. 조건부필수값으로 F.r.3.2항목에 입력값이 있는 경우 항목 여부 검증
2. 입력값이 50자리 이하인지 검증
3. 입력값은 UCUM 코드로 허용된 코드인지 검증",,50,AN,UCUM,,,"1. 조건부필수값으로 F.r.3.2항목에 입력값이 있는 경우 항목 여부 검증
2. OID 비교 검증
3. 입력값이 50자리 이하인지 검증
4. 입력값은 UCUM 코드로 허용된 코드인지 검증",,
165,F.r.3.4,Result Unstructured Data (free text),검사 결과 설명,조건부필수,,"1. 조건부필수값으로 F.r.2항목에 입력값이 있고 F.r.3 항목에 입력값이 없는 경우 항목 여부 검증
2. 입력값이 2000자리 이하인지 검증","F.r.2, F.r.3",2000,AN,자유기재,,,"1. 조건부필수값으로 F.r.2항목에 입력값이 있고 F.r.3 항목에 입력값이 없는 경우 항목 여부 검증
2. 입력값이 2000자리 이하인지 검증",,
166,F.r.4,Normal Low Value,정상범위 하한값,비필수,2.16.840.1.113883.5.83,"1. 비필수로 항목값이 있는 경우 항목 여부 검증
2. 입력값이 50자리 이하인지 검증",,50,AN,자유기재,,,"1. 비필수로 항목값이 있는 경우 항목 여부 검증
2. OID 비교 검증
3. 입력값이 50자리 이하인지 검증",,
167,F.r.5,Normal High Value,정상범위 상한값,비필수,2.16.840.1.113883.5.83,"1. 비필수로 항목값이 있는 경우 항목 여부 검증
2. 입력값이 50자리 이하인지 검증",,50,AN,자유기재,,,"1. 비필수로 항목값이 있는 경우 항목 여부 검증
2. OID 비교 검증
3. 입력값이 50자리 이하인지 검증",,
168,F.r.6,Comments (free text),비고,비필수,2.16.840.1.113883.3.989.2.1.1.19,"1. 비필수로 항목값이 있는 경우 항목 여부 검증
2. 입력값이 2000자리 이하인지 검증",,2000,AN,자유기재,,,"1. 비필수로 항목값이 있는 경우 항목 여부 검증
2. OID 비교 검증
3. 입력값이 2000자리 이하인지 검증",,
169,F.r.7,More Information Available,추가 정보 여부,비필수,2.16.840.1.113883.3.989.2.1.1.19,"1. 비필수로 항목값이 있는 경우 항목 여부 검증
2. 입력값은 ""예"",""아니오"" 만 허용함
3. 입력값이 ""예""인 경우 C.1.6.1항목이 ""예""이어야 함",C.1.6.1,-,Boolean,"예
아니오",,,"1. 비필수로 항목값이 있는 경우 항목 여부 검증
2. OID 비교 검증
3. 입력값은 ""예"",""아니오"" 만 허용함
4. 입력값이 ""예""인 경우 C.1.6.1항목이 ""예""이어야 함",,
170,G.k.1,Characterisation of Drug Role,의약품 구분,필수,"2.16.840.1.113883.3.989.2.1.1.19
2.16.840.1.113883.3.989.2.1.1.13","1. 필수값으로 항목값 여부 검증
2. 입력값이 1자 이하인지 검증
3. 입력값은 ""1"",""2"",""3"",""4""만 허용함",,1,N,"1=의심되는 의약품
2=병용 의약품
3=상호작용
4=비투여",,,"1. OID 비교 검증
2. 필수값으로 항목값 여부 검증
3. 입력값이 1자 이하인지 검증
4. 입력값은 ""1"",""2"",""3"",""4""만 허용함

1)임상시험: 아래 조건을 모두 충족하는 경우
가. N.2.r.2의 message sender identifier가 임상시험(CT-O-0000000000 / CT-T-0000000000)인 경우
나. C.1.3의 항목값은 ""2=report from study"" 이어야함
다. C.5.4의 항목값은 ""1=clinical trials"" 이어야함
라. C.5.1.r.1에 임상시험승인번호 입력
마. C.5.3에 임상시험일련번호 입력
바. C.5.1.r.1의 입력값과 C.5.3의 입력값이 임상시험계획의 승인 대장에 입력된 임상시험승인번호 및 일련번호와 일치하는지 확인
사. C.1.7의 항목값은 ""예"" 이어야함

2)임상시험용 의약품 치료목적 사용 건: 아래 조건을 모두 충족하는 경우
가. N.2.r.2의 message sender identifier가 임상시험(CU-O-0000000000 / CU-T-0000000000)인 경우
나. C.1.3의 항목값은 ""2=report from study"" 이어야함
다. C.5.4의 항목값은 ""2=individual patient use(compassionate use)"" 이어야함
라. C.5.1.r.1에 임상시험승인번호 입력
마. C.5.3에 임상시험일련번호 입력
바. C.5.1.r.1의 입력값과 C.5.3의 입력값이 임상시험계획의 승인 대장에 입력된 임상시험승인번호 및 일련번호와 일치하는지 확인
사. C.1.7의 항목값은 ""예"" 이어야함","항목검증률에서 1),2) CT, CU의 조건을 설명한 이유가 무었인가요? Drug Role과 관련이 없어 보입니다.",
171,G.k.2.1.KR.1a,medicinal product version,의약품 코드 버전,조건부필수,,"1. 조건부필수값으로 입력값이 있는경우 검증
 1) N.2.r.3 항목값이 입력값이 국외(FR)이고, G.k.2.1.KR.1b 항목값을 입력한 경우 입력값 필수 검증
2. 허용하고 있는 (WHODrug)버전인지 검증
3. 입력값이 20자 이하인지 검증",G.k.2.1.KR.1b,20,AN,국외 이상사례보고의 경우 WHODrug 버전(Global C3 Short version),,,"1. 조건부필수값으로 입력값이 있는경우 검증
2. N.2.r.3 항목값이 입력값이 국외(FR)의 경우 입력값 검증
 1) 허용하고 있는 (WHODrug)버전인지 검증
3. 입력값이 20자 이하인지 검증
4. G.k.2.1.KR.1b에 입력된 경우 필수로 값 입력해야함",WHODD의 Version format (허용 가능한 예시)확인 부탁드립니다.(,
172,G.k.2.1.KR.1b,medicinal product ID,의약품 코드,조건부필수,"국내=2.16.840.1.113883.3.989.5.1.10.2.1
국외=2.16.840.1.113883.6.294","1. 조건부필수값으로 입력값이 있는경우 검증
 1) N.2.r.3 항목의 입력값이 ""국내(KR)"", ""국외(FR)""인 경우 검증
 2) N.2.r.3 항목값이 시판 후 국내(KR)보고인 경우 품목기준코드 입력 검증
 3) N.2.r.3 항목값이 시판 후 국외(FR)보고인 경우 WHODrug코드 입력 검증
3. 입력값이 10자 이하인지 검증
4. N.2.r.3 항목값이 시판 후 국외(FR)보고인 경우 입력값이 G.k.2.1.KR.1a 항목에 입력된 버전의 코드인지 검증",G.k.2.1.KR.1a,10,AN,"국내 이상사례보고의 경우 품목기준코드 입력
국외 이상사례보고의 경우 WHODrug (Global C3 Medicinalprod Id)코드 입력",,"G.k.2.1.KR.1 또는 G.k.2.3.r.1.KR.1 항목 중 하나는 필수 입력
 * 입력하지 않았을 경우 성분코드에서 필수값 검증","1. 조건부필수값으로 입력값이 있는경우 검증
2. N.2.r.3 항목의 입력값이 ""국내(KR)"", ""국외(FR)""인 경우 필수값으로 검증
 1) N.2.r.3 항목값이 시판 후 국내(KR)보고인 경우 품목기준코드 입력을 필수값으로 검증
 2) N.2.r.3 항목값이 시판 후 국외(FR)보고인 경우 WHODrug코드 입력을 필수값으로 검증
3. OID 비교 검증
4. 입력값이 10자 이하인지 검증
5. N.2.r.3 항목값이 시판 후 국외(FR)보고인 경우 입력값이 G.k.2.1.KR.1a 항목에 입력된 버전의 코드인지 검증",FR에서 받은 정보가 없을 경우 국내 Sender가 WHODD로 입력해야 하는 것인지? 모두 WHODD를 구매해서?,
173,G.k.2.1.1a,MPID Version Date/Number,의약품식별자(MPID) 버전,비필수,,"1. 비필수로 G.k.2.1.1b에 항목값이 있는 경우 항목 여부 검증
2. 입력값이 10자 이하인지 검증
3. 입력값이 보유하고 있는 MPID 버전과 일치하는지 검증
4. G.k.2.1.1b 항목에 값이 입력되었는지 검증",G.k.2.1.1b,10,AN,IDMP,,IDMP 확정 후 사용,"1. 조건부필수값으로 G.k.2.1.1b에 항목값이 있는 경우 항목 여부 검증
1. 비필수로 입력값이 있는 경우 검증
2. 입력값이 10자리 이하인지 검증
3. G.k.2.1.1b입력여부 검증",,
174,G.k.2.1.1b,Medicinal Product Identifier (MPID),의약품식별자(MPID),비필수,TBD,"1. 비필수로 G.k.2.1.1b에 항목값이 있는 경우 항목 여부 검증
2. 입력값이 1000자 이하인지 검증
3. 입력값이 G.k.2.1.1b 항목의 버전의 MPID 코드인지 검증
4. G.k.2.1.1b 항목에 값이 입력되었는지 검증",G.k.2.1.1a,1000,AN,IDMP,,IDMP 확정 후 사용,"1. 조건부필수값으로 G.k.2.1.1a에 항목값이 있는 경우 항목 여부 검증
1. 비필수로 입력값이 있는 경우 검증
2. 입력값이 1000자 이하인지 검증
3. 입력값이 G.k.2.1.1a 항목의 버전의 MPID 코드인지 검증
4. G.k.2.1.1a 항목에 값이 입력되었는지 검증",- G.k.2.1.1b가 아닌 G.k.2.1.1a로 수정되어야 하는 것은 아닌 지 문의드립니다.,
175,G.k.2.1.2a,PhPID Version Date/Number,제제식별자(PhPID) 버전,비필수,,"1. 비필수로 G.k.2.1.2b에 항목값이 있는 경우 항목 여부 검증
2. 입력값이 10자 이하인지 검증
3. 입력값이 보유하고 있는 PhPID 버전과 일치하는지 검증
4. G.k.2.1.2b 항목에 값이 입력되었는지 검증",G.k.2.1.2b,10,AN,IDMP,,IDMP 확정 후 사용,"1. 조건부필수값으로 G.k.2.1.2b에 항목값이 있는 경우 항목 여부 검증
1. 비필수로 입력값이 있는 경우 검증
2. 입력값이 10자리 이하인지 검증
3. G.k.2.1.2b입력여부 검증",,
176,G.k.2.1.2b,Pharmaceutical Product Identifier (PhPID),제제식별자(PhPID),비필수,TBD,"1. 비필수로 G.k.2.1.2a에 항목값이 있는 경우 항목 여부 검증
2. 입력값이 250자 이하인지 검증
3. 입력값이 G.k.2.1.2a 항목의 버전의 PhPID 코드인지 검증
4. G.k.2.1.2a 항목에 값이 입력되었는지 검증",G.k.2.1.2a,250,AN,IDMP,,IDMP 확정 후 사용,"1. 조건부필수값으로 G.k.2.1.2a에 항목값이 있는 경우 항목 여부 검증
1. 비필수로 입력값이 있는 경우 검증
2. 입력값이 250자 이하인지 검증
3. 입력값이 G.k.2.1.2a 항목의 버전의 PhPID 코드인지 검증
4. G.k.2.1.2a 항목에 값이 입력되었는지 검증",,
177,G.k.2.2,Medicinal Product Name as Reported by the Primary Source,원보고자가 보고한 의약품명,필수,,"1. 필수값으로 항목값 여부 검증
2. 입력값이 250자 이하인지 검증",,250,AN,자유기재,,,"1. 필수값으로 항목값 여부 검증
2. 입력값이 250자 이하인지 검증",,
178,G.k.2.3.r.1,Substance / Specified Substance Name,성분명,비필수,,"1. 비필수로 입력값이 있는 경우 검증
2. 입력값이 250자 이하인지 검증",,250,AN,자유기재,,,"1. 비필수로 입력값이 있는 경우 검증
2. 입력값이 250자 이하인지 검증",,
179,G.k.2.3.r.1.KR.1a,Substance ID Version,성분 코드 버전,조건부필수,,"1. 조건부필수값으로 입력값이 있는경우 검증
 1) N.2.r.3 항목값이 입력값이 국외(FR)이고, G.k.2.3.r.1.KR.1b 항목값을 입력한 경우 입력값 필수 검증
2. 허용하고 있는 (WHODrug)버전인지 검증
3. 입력값이 20자 이하인지 검증",G.k.2.3.r.1.KR.1b,20,AN,국외 이상사례보고의 경우 WHODrug 버전(Global C3 Short version) 입력,,,"1. 조건부필수값으로 입력값이 있는경우 검증
2. N.2.r.3 항목값이 입력값이 국외(FR)의 경우 입력값 검증
 1) 허용하고 있는 (WHODrug)버전인지 검증
3. 입력값이 20자 이하인지 검증
4. G.k.2.3.r.1.KR.1b에 입력된 경우 필수로 값 입력해야함",WHODD의 Version format (허용 가능한 예시)확인 부탁드립니다.(,
180,G.k.2.3.r.1.KR.1b,Substance ID,성분 코드,조건부필수,"국내=2.16.840.1.113883.3.989.5.1.10.2.2
국외=2.16.840.1.113883.6.294","1. 조건부필수값으로 입력값이 있는경우 검증
 1) N.2.r.3 항목의 입력값이 ""국내(KR)"", ""국외(FR)""인 경우 검증
 2) N.2.r.3 항목값이 시판 후 국내(KR)보고인 경우 성분코드 입력 검증
 3) N.2.r.3 항목값이 시판 후 국외(FR)보고인 경우 WHODrug CAS NUMBER 입력 검증
 4) G.k.2.1.KR.1 항목 입력하지 않았을 경우 필수값 검증
3. 입력값이 10자 이하인지 검증
4. N.2.r.3 항목값이 시판 후 국외(FR)보고인 경우 입력값이 G.k.2.3.r.1.KR.1a 항목에 입력된 버전의 코드인지 검증",G.k.2.3.r.1.KR.1a,10,AN,"국내 이상사례보고의 경우 성분기준코드 입력
국외 이상사례보고의 경우 WHODrug (Global C3 CAS NUMBER) 입력",,G.k.2.1.KR.1 항목 입력하지 않았을 경우 필수값 검증,"1. 조건부필수값으로 입력값이 있는경우 검증
2. N.2.r.3 항목의 입력값이 ""국내(KR)"", ""국외(FR)""인 경우 필수값으로 검증
 1) N.2.r.3 항목값이 시판 후 국내(KR)보고인 경우 성분코드 입력을 필수값으로 검증
 2) N.2.r.3 항목값이 시판 후 국외(FR)보고인 경우 WHODrug CAS NUMBER 입력을 필수값으로 검증
3. OID 비교 검증
4. 입력값이 10자 이하인지 검증
5. N.2.r.3 항목값이 시판 후 국외(FR)보고인 경우 입력값이 G.k.2.3.r.1.KR.1a 항목에 입력된 버전의 코드인지 검증",국외(FR)보고에서 WHODD로 coding이 안되어 있는 경우 국내서가 coding을 해야 하는데.. 막대한 License비용 등 실제 coding이 어려운 경우가 많은데. FR일 경우 미필수로 변경하는 것이 고려가능할가요?,
181,G.k.2.3.r.2a,Substance/Specified Substance TermID Version Date/Number,성분명/특정성분명 버전,비필수,,"1. 비필수로 G.k.2.3.r.2b에 항목값이 있는 경우 항목 여부 검증
2. 입력값이 10자 이하인지 검증
3. 입력값이 보유하고 있는 TermID 버전과 일치하는지 검증
4. G.k.2.3.r.2b 항목에 값이 입력되었는지 검증",G.k.2.3.r.2b,10,AN,IDMP,,IDMP 확정 후 사용,"1. 비필수로 항목값이 있는 경우 항목 여부 검증
2. 입력값이 10자리 이하인지 검증
3. G.k.2.3.r.2b에 입력된 경우 필수로 입력되어야 함",,
182,G.k.2.3.r.2b,Substance/Specified Substance TermID,성분명/특정성분명 코드,비필수,TBD,"1. 비필수로 G.k.2.3.r.2a에 항목값이 있는 경우 항목 여부 검증
2. 입력값이 100자 이하인지 검증
3. 입력값이 G.k.2.3.r.2a 항목의 버전의 TermID 코드인지 검증
4. G.k.2.3.r.2a 항목에 값이 입력되었는지 검증",G.k.2.3.r.2a,100,AN,IDMP,,IDMP 확정 후 사용,"1. 비필수로 항목값이 있는 경우 항목 여부 검증
2. 입력값이 100자리 이하인지 검증
3. 입력값이 G.k.2.3.r.2a항목의 버전의 Substance TermID인지 검증
4. G.k.2.3.r.2a에 입력된 경우 필수로 입력되어야 함",,
183,G.k.2.3.r.3a,Strength (number) ,용량,비필수,,"1. 비필수로 항목값이 있는 경우 항목 여부 검증
2. 입력값이 10자리 이하인지 검증
3. 입력값은 숫자만 허용함",G.k.2.3.r.3b,10,N,숫자,,,"1. 비필수로 항목값이 있는 경우 항목 여부 검증
2. 입력값이 10자리 이하인지 검증
3. 입력값은 숫자만 허용함",,
184,G.k.2.3.r.3b,Strength (unit),용량(단위),조건부필수,2.16.840.1.113883.3.989.2.1.1.25,"1. 조건부필수값으로 G.k.2.3.r.3a에 항목값이 있는 경우 항목 여부 검증
2. 입력값이 50자리 이하인지 검증
3. 입력값은 UCUM코드로 허용된 코드인지 검증",G.k.2.3.r.3a,50,AN,제한된 UCUM코드,,,"1. OID 비교 검증
2. 비필수로 항목값이 있는 경우 항목 여부 검증
2. 조건부필수값으로 G.k.2.3.r.3a에 항목값이 있는 경우 항목 여부 검증
3. 입력값이 50자리 이하인지 검증
4. 입력값은 UCUM코드로 허용된 코드인지 검증",,
185,G.k.2.4,Identification of the Country Where the Drug Was Obtained,구입(제공) 국가,비필수,1.0.3166.1.2.2,"1. 비필수로 항목값이 있는 경우 항목 여부 검증
2. 입력값이 2자리 이하인지 검증
3. 입력값은 알파벳만 허용함
4. 입력값이 ""ISO 3166-1 alpha-2""에 포함된 값인지 검증
5. 입력값에 ""EU"" 허용함",,2,A,"ISO 3166-1 alpha-2, EU ",,,"1. 비필수로 항목값이 있는 경우 항목 여부 검증
2. OID 비교 검증
3. 입력값이 2자리 이하인지 검증
4. 입력값은 알파벳만 허용함
5. 입력값이 ""ISO 3166-1 alpha-2""에 포함된 값인지 검증
6. 입력값에 ""EU"" 허용함",,
186,G.k.2.5,Investigational Product Blinded,맹검 여부,비필수,2.16.840.1.113883.3.989.2.1.1.19,"1. 비필수로 항목값이 있는 경우 항목 여부 검증
2. 입력값은 ""예"" 만 허용",,-,Boolean,예,,,"1. 비필수로 항목값이 있는 경우 항목 여부 검증
2. 입력값은 ""예"" 만 허용",,
187,G.k.3.1,Authorisation / Application Number,허가번호/신청번호,비필수,2.16.840.1.113883.3.989.2.1.3.4,"1. 비필수로 항목값이 있는 경우 항목 여부 검증
2. 입력값이 35자리 이하인지 검증",,35,AN,자유기재,,,"1. 비필수로 항목값이 있는 경우 항목 여부 검증
2. OID 비교검증
3. 입력값이 35자리 이하인지 검증",,
188,G.k.3.2,Country of Authorisation / Application,허가국/신청국,조건부필수,1.0.3166.1.2.2,"1. 조건부필수항목으로 G.k.3.1 항목값이 있는 경우 항목 여부 검증
2. 입력값이 2자리 이하인지 검증
3. 입력값은 알파벳만 허용함
4. 입력값이 ""ISO 3166-1 alpha-2""에 포함된 값인지 검증
5. 입력값에 ""EU"" 허용함",G.k.3.1,2,A,"ISO 3166-1 alpha-2, EU",,,"1. 조건부필수항목으로 G.k.3.1 항목값이 있는 경우 항목 여부 검증
2. OID 비교 검증
3. 입력값이 2자리 이하인지 검증
4. 입력값은 알파벳만 허용함
5. 입력값이 ""ISO 3166-1 alpha-2""에 포함된 값인지 검증
6. 입력값에 ""EU"" 허용함",,
189,G.k.3.3,Name of Holder / Applicant,허가권자/신청자의 이름,비필수,,"1. 비필수로 항목값이 있는 경우 항목 여부 검증
1. 입력값이 60자리 이하인지 검증",,60,AN,자유기재,,,"1. 비필수로 항목값이 있는 경우 항목 여부 검증
1. 입력값이 60자리 이하인지 검증",,
190,G.k.4.r.1a,Dose (number),투여량,비필수,,"1. 비필수로 항목값이 있는 경우 항목 여부 검증
2. 입력값이 8자리 이하인지 검증
3. 입력값은 숫자만 허용함",G.k.4.r.1b,8,N,숫자,,,"1. 비필수로 항목값이 있는 경우 항목 여부 검증
2. 입력값이 8자리 이하인지 검증
3. 입력값은 숫자만 허용함
4. 항목에 값이 있는 경우 G.k.4.r.1b 항목 필수입력해야함",,
191,G.k.4.r.1b,Dose (unit),투여량(단위),조건부필수,2.16.840.1.113883.3.989.2.1.1.25,"1. 조건부필수값으로 G.k.4.r.1a에 항목값이 있는경우 항목 여부 검증
2. 입력값이 50자리 이하인지 검증
3. 입력값이 허용된 UCUM코드인지 검증",G.k.4.r.1a,50,AN,제한된 UCUM코드,,,"1. 조건부필수값으로 G.k.4.r.1a에 항목값이 있는경우 항목 여부 검증
2. OID 비교 검증
3. 입력값이 50자리 이하인지 검증
4. 입력값이 허용된 UCUM코드인지 검증",,
192,G.k.4.r.2,Number of Units in the Interval,투여간격,조건부필수,,"1. 비필수로 항목값이 있는 경우 항목 여부 검증
2. 입력값이 8자리 이하인지 검증
3. 입력값은 숫자만 허용함",G.k.4.r.3,4,N,숫자,,,"1. 비필수로 항목값이 있는 경우 항목 여부 검증
2. 입력값이 8자리 이하인지 검증
3. 입력값은 숫자만 허용함
4. 항목에 값이 있는 경우 G.k.4.r.3 항목 필수입력해야함",,
193,G.k.4.r.3,Definition of the Time Interval Unit,투여간격(단위),조건부필수,2.16.840.1.113883.3.989.2.1.1.26,"1. 조건부필수값으로  G.k.4.r.2에 항목값이 있는경우 항목 여부 검증
2. 입력값이 50자리 이하인지 검증
3. 입력값이 허용된 UCUM코드인지 검증",G.k.4.r.2,50,AN,제한된 UCUM코드,,,"1. 조건부필수값으로  G.k.4.r.2에 항목값이 있는경우 항목 여부 검증
2. OID 비교 검증
3. 입력값이 50자리 이하인지 검증
4. 입력값이 허용된 UCUM코드인지 검증",,
194,G.k.4.r.4,Date and Time of Start of Drug,시작일,비필수,,"1. 비필수로 입력값이 있는 경우 검증
2. 입력값이 날짜 형식인지 검증
3. 최소 CCYY까지 입력되었는지 검증
4. 미래날짜는 입력불가
5. nullflavor는 ""MSK"", ""ASKU"", ""NASK""만 허용",,-,Date/Time,CCYY (Minimum),"MSK, ASKU, NASK",,"1. 비필수로 입력값이 있는 경우 검증
2. 입력값이 날짜 형식인지 검증
3. 최소 CCYY까지 입력되었는지 검증
4. 미래날짜는 입력불가
5. nullflavor는 ""MSK"", ""ASKU"", ""NASK""만 허용",,
195,G.k.4.r.5,Date and Time of Last Administration,종료일,비필수,,"1. 비필수로 입력값이 있는 경우 검증
2. 입력값이 날짜 형식인지 검증
3. 최소 CCYY까지 입력되었는지 검증
4. 미래날짜는 입력불가
5. nullflavor는 ""MSK"", ""ASKU"", ""NASK""만 허용
6. G.k.4.r.4 항목값보다 과거일자 입력 불가능",G.k.4.r.4,-,Date/Time,CCYY (Minimum),"MSK, ASKU, NASK",,"1. 비필수로 입력값이 있는 경우 검증
2. 입력값이 날짜 형식인지 검증
3. 최소 CCYY까지 입력되었는지 검증
4. 미래날짜는 입력불가
5. nullflavor는 ""MSK"", ""ASKU"", ""NASK""만 허용
6. G.k.4.r.4 항목값보다 과거일자 입력 불가능",,
196,G.k.4.r.6a,Duration of Drug Administration (number),투여 기간,조건부필수,,"1. 조건부필수값으로 G.k.4.r.6b 항목값이 있는 경우 항목 여부 검증
2. 입력값이 5자리 이하인지 검증
3. 입력값은 숫자만 허용함",G.k.4.r.6b,5,N,숫자,,,"1. 조건부필수값으로 G.k.4.r.6b 항목값이 있는 경우 항목 여부 검증
2. 입력값이 5자리 이하인지 검증
3. 입력값은 숫자만 허용함
4. 항목에 값이 있는 경우 G.k.4.r.6b 항목 필수입력해야함",,
197,G.k.4.r.6b,Duration of Drug Administration (unit),투여 기간(단위),조건부필수,2.16.840.1.113883.3.989.2.1.1.26,"1. 조건부필수값으로 G.k.4.r.6a에 항목값이 있는경우 항목 여부 검증
2. 입력값이 50자리 이하인지 검증
3. 입력값이 허용된 UCUM코드인지 검증",G.k.4.r.6a,50,AN,제한된 UCUM코드,,,"1. 조건부필수값으로 G.k.4.r.6a에 항목값이 있는경우 항목 여부 검증
2. OID 비교 검증
3. 입력값이 50자리 이하인지 검증
4. 입력값이 허용된 UCUM코드인지 검증
5. 항목에 값이 있는 경우 G.k.4.r.6a 항목 필수입력해야함",,
198,G.k.4.r.7,Batch / Lot Number,배치/로트 번호,비필수,,"1. 비필수로 입력값이 있는 경우 검증
2. 입력값이 35자리 이하인지 검증",,35,AN,자유기재,,,"1. 비필수로 입력값이 있는 경우 검증
2. 입력값이 35자리 이하인지 검증",,
199,G.k.4.r.8,Dosage Text,투여량 정보 설명,비필수,,"1. 비필수로 입력값이 있는 경우 검증
2. 입력값이 2000자리 이하인지 검증",,2000,AN,자유기재,,,"1. 비필수로 입력값이 있는 경우 검증
2. 입력값이 2000자리 이하인지 검증",,
200,G.k.4.r.9.1,Pharmaceutical Dose Form (free text),의약품 제형,비필수,,"1. 비필수로 입력값이 있는 경우 검증
2. 입력값이 2000자리 이하인지 검증
3. nullflavor는 ""ASKU"", ""NASK"", ""UNK"" 만 허용함",,60,AN,자유기재,"ASKU, NASK, UNK",,"1. 비필수로 입력값이 있는 경우 검증
2. 입력값이 2000자리 이하인지 검증
3. nullflavor는 ""ASKU"", ""NASK"", ""UNK"" 만 허용함",,
201,G.k.4.r.9.2a,Pharmaceutical Dose Form TermID Version Date/Number,의약품 제형 ID 버전,조건부필수,,"1. 조건부필수값으로 G.k.4.r.9.2b에 항목값이 있는 경우 항목 여부 검증
2. 입력값이 10자리 이하인지 검증",G.k.4.r.9.2b,25,AN,EDQM DF 버전,,,"1. 조건부필수값으로 G.k.4.r.9.2b에 항목값이 있는 경우 항목 여부 검증
2. 입력값이 10자리 이하인지 검증
3. G.k.4.r.9.2b에 입력된 경우 필수로 입력되어야 함",,
202,G.k.4.r.9.2b,Pharmaceutical Dose Form TermID,의약품 제형 ID,비필수,"2.16.840.1.113883.3.989.2.1.1.29
0.4.0.127.0.16.1.1.2.2","1. 비필수로 입력값이 있는 경우 검증
2. 입력값이 100자리 이하인지 검증
3. 입력값이 G.k.4.r.9.2a항목의 버전의 의약품제형 ID인지 검증",G.k.4.r.9.2a,15,AN,EDQM DF TermID,,,"1. 비필수로 입력값이 있는 경우 검증
2. 입력값이 100자리 이하인지 검증
3. 입력값이 G.k.4.r.9.2a항목의 버전의 의약품제형 ID인지 검증
4. G.k.4.r.9.2a에 입력된 경우 필수로 입력되어야 함",,
203,G.k.4.r.10.1,Route of Administration (free text),투여경로,비필수,,"1. 비필수로 입력값이 있는 경우 검증
2. 입력값이 60자리 이하인지 검증
3. nullflavor는 ""ASKU"", ""NASK"", ""UNK"" 만 허용함",,60,AN,자유기재,"ASKU, NASK, UNK",,"1. 비필수로 입력값이 있는 경우 검증
2. 입력값이 60자리 이하인지 검증
3. nullflavor는 ""ASKU"", ""NASK"", ""UNK"" 만 허용함",,
204,G.k.4.r.10.2a,Route of Administration TermID Version Date / Number,투여경로 ID 버전,조건부필수,,"1. 조건부필수값으로 G.k.4.r.10.2b에 항목값이 있는 경우 항목 여부 검증
2. 입력값이 10자리 이하인지 검증",G.k.4.r.10.2b,25,AN,EDQM RoA 버전,,,"1. 조건부필수값으로 G.k.4.r.10.2b에 항목값이 있는 경우 항목 여부 검증
2. 입력값이 10자리 이하인지 검증
3. G.k.4.r.10.2b에 입력된 경우 필수로 입력되어야 함",,
205,G.k.4.r.10.2b,Route of Administration TermID,투여경로 ID,비필수,"2.16.840.1.113883.3.989.2.1.1.28
0.4.0.127.0.16.1.1.2.6","1. 비필수로 항목값이 있는 경우 항목 여부 검증
2. 입력값이 100자리 이하인지 검증
3. 입력값이 G.k.4.r.10.2a항목의 버전의 RoAID인지 검증",G.k.4.r.10.2a,15,AN,EDQM RoA TermID,,,"1. 비필수로 항목값이 있는 경우 항목 여부 검증
2. 입력값이 100자리 이하인지 검증
3. 입력값이 G.k.4.r.10.2a항목의 버전의 RoAID인지 검증
4. G.k.4.r.10.2a에 입력된 경우 필수로 입력되어야 함",,
206,G.k.4.r.11.1,Parent Route of Administration (free text),부모의 투여경로,비필수,2.16.840.1.113883.3.989.2.1.1.19,"1. 비필수로 입력값이 있는 경우 검증
2. 입력값이 60자리 이하인지 검증
3. nullflavor는 ""ASKU"", ""NASK"", ""UNK"" 만 허용함",,60,AN,자유기재,"ASKU, NASK, UNK",,"1. 비필수로 입력값이 있는 경우 검증
2. 입력값이 60자리 이하인지 검증
3. nullflavor는 ""ASKU"", ""NASK"", ""UNK"" 만 허용함",,
207,G.k.4.r.11.2a,Parent Route of Administration TermID Version Date / Number,부모의 투여경로 ID 버전,비필수,,"1. 비필수로 항목값이 있는 경우 항목 여부 검증
2. 입력값이 10자리 이하인지 검증",G.k.4.r.11.2b,25,AN,EDQM RoA 버전,,,"1. 비필수로 항목값이 있는 경우 항목 여부 검증
2. 입력값이 10자리 이하인지 검증
3. G.k.4.r.11.2b에 입력된 경우 필수로 입력되어야 함","- G.k.4.r.11.2a은 다음 항목(G.k.4.r.9.2a/G.k.4.r.9.2b
G.k.4.r.10.2a/G.k.4.r.10.2b )의 항목검증룰 서술과 차이가 없어 보이는데, 조건부필수가 아닌 왜 비필수로 설정되어 있는지 궁금합니다. ",
208,G.k.4.r.11.2b,Parent Route of Administration TermID,부모의 투여경로 ID,비필수,"2.16.840.1.113883.3.989.2.1.1.28
0.4.0.127.0.16.1.1.2.6","1. 비필수로 항목값이 있는 경우 항목 여부 검증
2. 입력값이 100자리 이하인지 검증
3. 입력값이 G.k.4.r.11.2a항목의 버전의 RoAID인지 검증",G.k.4.r.11.2a,15,AN,EDQM RoA TermID,,,"1. 비필수로 항목값이 있는 경우 항목 여부 검증
2. 입력값이 100자리 이하인지 검증
3. 입력값이 G.k.4.r.11.2a항목의 버전의 RoAID인지 검증
4. G.k.4.r.11.2a에 입력된 경우 필수로 입력되어야 함","- G.k.4.r.11.2a은 다음 항목(G.k.4.r.9.2a/G.k.4.r.9.2b
G.k.4.r.10.2a/G.k.4.r.10.2b )의 항목검증룰 서술과 차이가 없어 보이는데, 조건부필수가 아닌 왜 비필수로 설정되어 있는지 궁금합니다. ",
209,G.k.5a,Cumulative Dose to First Reaction (number),첫 발현까지의 누적 투여량,조건부필수,2.16.840.1.113883.3.989.2.1.1.19,"1. 조건부필수값으로 G.k.5b에 항목값이 있는경우 항목 여부 검증
2. 입력값이 10자리 이하인지 검증
3. 입력값은 숫자만 허용함",G.k.5b,10,N,숫자,,,"1. 조건부필수값으로 G.k.5b에 항목값이 있는경우 항목 여부 검증
2. 입력값이 10자리 이하인지 검증
3. 입력값은 숫자만 허용함
4. 항목값이 있는 경우 G.k.5b 항목은 필수임",,
210,G.k.5b,Cumulative Dose to First Reaction (unit),첫 발현까지의 누적 투여량(단위),조건부필수,2.16.840.1.113883.3.989.2.1.1.25,"1. 조건부필수값으로 G.k.5a에 항목값이 있는경우 항목 여부 검증
2. 입력값이 50자리 이하인지 검증
3. 입력값이 허용된 UCUM코드인지 검증",G.k.5a,50,AN,제한된 UCUM코드,,,"1. 조건부필수값으로 G.k.5a에 항목값이 있는경우 항목 여부 검증
2. OID 비교 검증
3. 입력값이 50자리 이하인지 검증
4. 입력값이 허용된 UCUM코드인지 검증
5. 항목값이 있는 경우 G.k.5a 항목은 필수임",,
211,G.k.6a,Gestation Period at Time of Exposure (number),노출시 임신 기간,조건부필수,2.16.840.1.113883.3.989.2.1.1.19,"1. 조건부필수값으로 G.k.6b에 항목값이 있는경우 항목 여부 검증
2. 입력값이 3자리 이하인지 검증
3. 입력값은 숫자만 허용함",G.k.6b,3,N,숫자,,,"1. 조건부필수값으로 G.k.6b에 항목값이 있는경우 항목 여부 검증
2. 입력값이 3자리 이하인지 검증
3. 입력값은 숫자만 허용함
4. 항목값이 있는 경우 G.k.5b 항목은 필수임",,
212,G.k.6b,Gestation Period at Time of Exposure (unit),노출시 임신 기간(단위),조건부필수,2.16.840.1.113883.3.989.2.1.1.26,"1. 조건부필수값으로 G.k.5a에 항목값이 있는경우 항목 여부 검증
2. 입력값이 50자리 이하인지 검증
3. 입력값이 허용된 UCUM코드인지 검증",G.k.6a,50,AN,"월, 주, 일, 임신분기",,,"1. 조건부필수값으로 G.k.5a에 항목값이 있는경우 항목 여부 검증
2. OID 비교 검증
3. 입력값이 50자리 이하인지 검증
4. 입력값이 허용된 UCUM코드인지 검증
5. 항목값이 있는 경우 G.k.6a 항목은 필수임",,
213,G.k.7.r.1,Indication as Reported by the Primary Source,원보고자가 보고한 적응증,비필수,2.16.840.1.113883.3.989.2.1.1.19,"1. 비필수로 입력값이 있는 경우 검증
2. 입력값이 250자리 이하인지 검증
3. nullflavor는 ""ASKU"", ""NASK"", ""UNK"" 만 허용함",,250,AN,자유기재,"ASKU, NASK, UNK",,"1. 비필수로 입력값이 있는 경우 검증
2. 입력값이 250자리 이하인지 검증
3. nullflavor는 ""ASKU"", ""NASK"", ""UNK"" 만 허용함",,
214,G.k.7.r.2a,MedDRA Version for Indication,적응증 MedDRA 버전,조건부필수,,"1. 조건부필수값으로 G.k.7.r.2b 항목값이 있는 경우 항목값 여부 검증
2. 입력값이 4자 이하인지 검증
3. 허용하고 있는 MedDRA 버전인지 검증(최신버전)","G.k.7.r.2b
D.7.1.r.1a, D.8.r.6a, D.8.r.7a, D.9.2.r.1a, D.9.4.r.1a, D.10.7.1.r.1a, D.10.8.r.6a, D.10.8.r.7a, E.i.2.1a, F.r.2.2a, H.3.r.1a",4,AN,MedDRA 버전,,"xml파일보고의 경우 MedDRA 과거 버전도 허용
화면보고일 경우 MedDRA 최신버전만 허용","1. 조건부필수값으로 G.k.7.r.2b 항목값이 있는 경우 항목값 여부 검증
2. 입력값이 4자 이하인지 검증
3. 허용하고 있는 MedDRA 버전인지 검증(최신버전)
4. 입력된 MedDRA 버전이 D.7.1.r.1a, D.8.r.6a, D.8.r.7a, D.9.2.r.1a, D.9.4.r.1a, D.10.7.1.r.1a, D.10.8.r.6a, D.10.8.r.7a, E.i.2.1a, F.r.2.2a, H.3.r.1a 항목과 비교하여 동일한지 검증
5. 항목값이 있는 경우 G.k.7.r.2b 입력여부 검증",,
215,G.k.7.r.2b,Indication (MedDRA code),적응증 MedDRA 코드,조건부필수,"2.16.840.1.113883.3.989.2.1.1.19
2.16.840.1.113883.6.163","1. 조건부필수값으로 G.k.7.r.2a 항목값이 있는 경우 항목값 여부 검증
2. 입력값이 8자 이하인지 검증
3. 입력값이 G.k.7.r.2a 항목에 입력된 버전의 MedDRA 코드인지 검증",G.k.7.r.2a,8,N,MedDRA 코드 8자리,,,"1. 조건부필수값으로 G.k.7.r.2a 항목값이 있는 경우 항목값 여부 검증
2. OID 비교 검증
3. 입력값이 8자 이하인지 검증
4. 입력값이 G.k.7.r.2a 항목에 입력된 버전의 MedDRA 코드인지 검증
5. 항목값이 있는 경우 G.k.7.r.2a 입력여부 검증",,
216,G.k.8,Action(s) Taken with Drug,의약품에 대한 조치 ,비필수,2.16.840.1.113883.3.989.2.1.1.15,"1. 비필수로 입력값이 있는 경우 검증
2. 입력값이 1자 이하인지 검증
3. 입력값은 ""1"",""2"",""3"",""4"",""0"",""9""만 허용함
4. 임상시험과 치료목적 사용승인의 경우 필수값으로 검증",,1,N,"1=투여 중지
2=투여량 감소
3=투여량 증가
4=투여량 변경하지 않음
0=모름
9=해당사항 없음",,임상시험과 치료목적 사용승인의 경우 필수값,"1. 비필수로 입력값이 있는 경우 검증
2. OID 비교 검증
3.입력값이 1자 이하인지 검증
4. 입력값은 ""1"",""2"",""3"",""4"",""0"",""9""만 허용함
5. 임상시험과 치료목적 사용승인의 경우 필수값으로 검증","CT, CU에서 DRUG ROLE이 1: Suspect일 경우에만 필수가 맞을까요?",
217,G.k.9.i.1,Reaction(s) / Event(s) Assessed,평가 대상,비필수,UUIDs,1. E.i의 약물이상반응/이상사례 ID 입력된 값인지 검증,,-,-,,,E.i의 약물이상반응/이상사례 ID가 평가대상 약물이상반응/이상사례의 ID가 됨,"E.i.2.1b의 MedDRA 코드가 매트릭스의 ID가 됨
1. E.i의 약물이상반응/이상사례 ID 입력된 값인지 검증",,
218,G.k.9.i.2.r.1,Source of Assessment,평가 정보원,비필수,,"1. 비필수로 입력값이 있는 경우 검증
2.입력값이 60자 이하인지 검증",,60,AN,자유기재,,,"1. 비필수로 입력값이 있는 경우 검증
2.입력값이 60자 이하인지 검증",,
219,G.k.9.i.2.r.2,Method of Assessment,평가 방법,비필수,,"1. 비필수로 입력값이 있는 경우 검증
2.입력값이 60자 이하인지 검증",,60,AN,자유기재,,,"1. 비필수로 입력값이 있는 경우 검증
2.입력값이 60자 이하인지 검증",,
220,G.k.9.i.2.r.2.KR.1,MFDS Method of Assessment,평가 방법,비필수,2.16.840.1.113883.3.989.5.1.10.1.4,"1. 비필수로 입력값이 있는 경우 검증
 1) N.2.r.3 항목값이 임상시험(CT)의 경우 ""2""만 허용
 2) N.2.r.3 항목값이 치료목적사용(CU)의 경우 ""2""만 허용
 3) N.2.r.3 항목값이 국내(KR)의 경우 ""1""만 허용
 4) N.2.r.3 항목값이 국외(FR)의 경우 입력 허용하지 않음
2. 입력값이 1자 이하 검증
3. 입력값은 ""1"", ""2"" 만 허용함
4. 임상시험과 치료목적 사용승인의 경우 필수값으로 검증",N.2.r.3,1,N,"1=WHO-UMC
2=KRCT",,임상시험과 치료목적 사용승인의 경우 필수값,"1. 비필수로 입력값이 있는 경우 검증
 1) N.2.r.3 항목값이 임상시험(CT)의 경우 ""2""만 허용
 2) N.2.r.3 항목값이 치료목적사용(CU)의 경우 ""2""만 허용
 3) N.2.r.3 항목값이 국내(KR)의 경우 ""1""만 허용
 4) N.2.r.3 항목값이 국외(FR)의 경우 ""1""만 허용
2. OID 비교 검증
3. 입력값이 1자 이하 검증
4. 입력값은 ""1"", ""2"" 만 허용함
5. N.2.r.2 항목값이 시판후 국내보고인 경우 입력값은 ""1""만 허용하고G.k.9.i.2.r.3.KR.1 항목은 필수입력
6. N.2.r.2 항목값이 임상보고인 경우 입력값은 ""2""만 허용하고G.k.9.i.2.r.3.KR.2 항목은 필수입력
7. 임상시험과 치료목적 사용승인의 경우 필수값으로 검증",비필수(검증룰)/필수(비고)가 혼재되어 있습니다. 조건에 따라 필수항목이므로 비필수가 아니라 조건부 필수로 변경해야 할 것 같습니다.,
221,G.k.9.i.2.r.3,Result of Assessment,평가 결과,비필수,,"1. 비필수로 입력값이 있는 경우 검증
2.입력값이 60자 이하인지 검증",,60,AN,자유기재,,,"1. 비필수로 입력값이 있는 경우 검증
2.입력값이 60자 이하인지 검증",,
222,G.k.9.i.2.r.3.KR.1,WHO-UMC Result of Assessment ,WHO-UMC 평가 결과,비필수,2.16.840.1.113883.3.989.5.1.10.1.5,"1. 비필수로 입력값이 있는 경우 검증
2. 입력값이 1자 이하 검증
3. 입력값은 ""1"",""2"",""3"",""4"",""5"",""6""만 허용함
4. nullFlavor:NA 허용됨",G.k.9.i.2.r.2.KR.1,1,N,"1=확실함(Certain)
2=상당히확실함(Probable)
3=가능함(Possible)
4=가능성적음(Unlikely)
5=평가곤란(Conditional/unclassified)
6=평가불가(Unassessable/unclassifiable)
nullFlavor:NA",NA," * G.k.9.i.2.r에서G.k.9.i.2.r.2.KR.1에  WHO-UMC 평가인 ""1""을 입력한 경우에 한하여 평가 결과 입력시 G.k.9.i.2.r.3에 text를 기재하지 않고 G.k.9.i.2.r.3.KR.1의 값 중에서 선택한다","1. N.2.r.2 항목값이 시판 후 국내보고이고 G.k.9.i.2.r.2.KR.1 입력값이 ""1""인 경우 필수값으로 검증
1. 비필수로 입력값이 있는 경우 검증
2. OID 비교 검증
3. 입력값이 1자 이하 검증
4. 입력값은 ""1"",""2"",""3"",""4"",""5"",""6""만 허용함
5. nullFlavor:NA 허용됨",,
223,G.k.9.i.2.r.3.KR.2,KRCT Result of Assessment ,KRCT 평가 결과,조건부필수,2.16.840.1.113883.3.989.5.1.10.1.6,"1. 조건부필수값으로 N.2.r.3 항목값이 임상보고이고 G.k.9.i.2.r.2.KR.1 입력값이 ""2""인 경우 필수값으로 검증
2. 입력값이 1자 이하 검증
3. 입력값은 ""1"",""2""만 허용함
4. 임상시험과 치료목적 사용승인의 경우 필수값으로 검증",G.k.9.i.2.r.2.KR.1,1,N,"1=관련성 있음
2=관령성 없음",,"임상시험과 치료목적 사용승인의 경우 필수값
 * G.k.9.i.2.r에서G.k.9.i.2.r.2.KR.1에  KRCT 평가인 ""2""을 입력한 경우에 한하여 평가 결과 입력시 G.k.9.i.2.r.3에 text를 기재하지 않고 G.k.9.i.2.r.3.KR.2의 값 중에서 선택한다","1. 조건부필수값으로 N.2.r.3 항목값이 임상보고이고 G.k.9.i.2.r.2.KR.1 입력값이 ""2""인 경우 필수값으로 검증
2. OID 비교 검증
3. 입력값이 1자 이하 검증
4. 입력값은 ""1"",""2""만 허용함
5. 임상시험과 치료목적 사용승인의 경우 필수값으로 검증",,
224,G.k.9.i.3.1a,Time Interval between Beginning of Drug Administration and Start of Reaction / Event (number),투여 후 발현까지의 시간 간격,조건부필수,,"1. 조건부필수값으로  G.k.9.i.3.1b에 항목값이 있는경우 항목 여부 검증
2. 입력값이 5자리 이하인지 검증
3. 입력값은 숫자만 허용함",G.k.9.i.3.1b,5,N,숫자,,,"1. 조건부필수값으로  G.k.9.i.3.1b에 항목값이 있는경우 항목 여부 검증
2. 입력값이 5자리 이하인지 검증
3. 입력값은 숫자만 허용함",,
225,G.k.9.i.3.1b,Time Interval between Beginning of Drug Administration and Start of Reaction / Event (unit),투여 후 발현까지의 시간 간격(단위),조건부필수,2.16.840.1.113883.3.989.2.1.1.26,"1. 조건부필수값으로  G.k.9.i.3.1a에 항목값이 있는경우 항목 여부 검증
2. 입력값이 50자리 이하인지 검증
3. 입력값이 허용된 UCUM코드인지 검증",G.k.9.i.3.1a,50,AN,제한된 UCUM코드,,,"1. 조건부필수값으로  G.k.9.i.3.1a에 항목값이 있는경우 항목 여부 검증
2. OID 비교 검증
3. 입력값이 50자리 이하인지 검증
4. 입력값이 허용된 UCUM코드인지 검증",,
226,G.k.9.i.3.2a,Time Interval between Last Dose of Drug and Start of Reaction / Event (number),최종 투여 후 발현까지의 시간 간격,조건부필수,,"1. 조건부필수값으로  G.k.9.i.3.2b에 항목값이 있는경우 항목 여부 검증
2. 입력값이 5자리 이하인지 검증
3. 입력값은 숫자만 허용함",G.k.9.i.3.2b,5,N,숫자,,,"1. 조건부필수값으로  G.k.9.i.3.2b에 항목값이 있는경우 항목 여부 검증
2. 입력값이 5자리 이하인지 검증
3. 입력값은 숫자만 허용함",,
227,G.k.9.i.3.2b,Time Interval between Last Dose of Drug and Start of Reaction / Event (unit),최종 투여 후 발현까지의 시간 간격(단위),조건부필수,2.16.840.1.113883.3.989.2.1.1.26,"1. 조건부필수값으로 G.k.9.i.3.2a에 항목값이 있는경우 항목 여부 검증
2. 입력값이 50자리 이하인지 검증
3. 입력값이 허용된 UCUM코드인지 검증",G.k.9.i.3.2a,50,AN,제한된 UCUM코드,,,"1. 조건부필수값으로 G.k.9.i.3.2a에 항목값이 있는경우 항목 여부 검증
2. OID 비교 검증
3. 입력값이 50자리 이하인지 검증
4. 입력값이 허용된 UCUM코드인지 검증",,
228,G.k.9.i.4,Did Reaction Recur on Re-administration?,재투여 및 재발현 여부,비필수,"2.16.840.1.113883.3.989.2.1.1.19
2.16.840.1.113883.3.989.2.1.1.16","1. 비필수로 입력값이 있는 경우 검증
2. 입력값이 1자 이하 검증
3. 입력값은 ""1"",""2"",""3"",""4""만 허용함
4. 입력값은 숫자만 허용함",,1,N,"1=예-예(재투여하였고 이상반응이 다시 나타남)
2=예-아니오(재투여했지만 이상반응 나타나지 않음)
3=예-알 수 없음(재투여했지만, 결과는 알 수 없음)
4=아니오-해당사항 없음(재투여하지 않았고, 재발은 해당사항 없음",,,"1. 비필수로 입력값이 있는 경우 검증
2. OID 비교 검증
3. 입력값이 1자 이하 검증
4. 입력값은 ""1"",""2"",""3"",""4""만 허용함
5. 입력값은 숫자만 허용함",,
229,G.k.10.r,Additional Information on Drug (coded) (repeat as necessary),의약품 추가 정보,비필수,"2.16.840.1.113883.3.989.2.1.1.19
2.16.840.1.113883.3.989.2.1.1.17","1. 비필수로 입력값이 있는 경우 검증
2. 입력값이 2자리 이하 검증
3. 입력값은 ""1""~""11""만 허용함
4. 입력값은 숫자만 허용함",,2,N,"1=위조의약품
2=과량투여
3=아버지가 사용한 의약품
4=유효기간이 지난 의약품 사용
5=품질시험 결과 적합한 배치와 로트
6=품질시험 결과 부적합한 배치와 로트
7=투약오류
8=오용
9=남용
10=직업성 노출
11=허가 외 사용",,,"1. 비필수로 입력값이 있는 경우 검증
2. OID 비교 검증
3. 입력값이 2자리 이하 검증
4. 입력값은 ""1""~""11""만 허용함
5. 입력값은 숫자만 허용함",,
230,G.k.11,Additional Information on Drug (free text),의약품 추가 정보 설명,비필수,2.16.840.1.113883.3.989.2.1.1.19,"1. 비필수로 입력값이 있는 경우 검증
2. 입력값이 2000자 이하 검증",,2000,AN,자유기재,,,"1. 비필수로 입력값이 있는 경우 검증
2. 입력값이 2000자 이하 검증",,
231,H.1,"Case Narrative Including Clinical Course, Therapeutic Measures, Outcome and Additional Relevant Information",사례 설명,필수,2.16.840.1.113883.5.4,"1. 필수값으로 항목값 여부 검증
2. 입력값이 100000자 이하인지 검증",,100000,AN,자유기재,,,"1. 필수값으로 항목값 여부 검증
2. 입력값이 100000자 이하인지 검증",H.4에서 시판 후 국내보고 및 임상보고는 국문으로만 입력 허용 영문병용 표기 가능으로 기재되어 있습니다. H.1 사례 설명에 대해서도 동일한 규칙이 적용되는지 문의 드립니다.,
232,H.2,Reporter's Comments,원보고자의 의견,비필수,2.16.840.1.113883.3.989.2.1.1.19,"1. 비필수로 입력값이 있는 경우 검증
2. 입력값이 20000자 이하 검증",,20000,AN,자유기재,,,"1. 비필수로 입력값이 있는 경우 검증
2. 입력값이 20000자 이하 검증",,
233,H.3.r.1a,MedDRA Version for Sender's Diagnosis / Syndrome and / or Reclassification of Reaction / Event,진단명 MedDRA 버전,조건부필수,,"1. 조건부필수값으로 H.3.r.1b 항목값이 있는 경우 항목값 여부 검증
2. 입력값이 4자 이하인지 검증
3. 허용하고 있는 MedDRA 버전인지 검증(최신버전)",H.3.r.1b,4,AN,MedDRA 버전,,"xml파일보고의 경우 MedDRA 과거 버전도 허용
화면보고일 경우 MedDRA 최신버전만 허용","1. 조건부필수값으로 H.3.r.1b 항목값이 있는 경우 항목값 여부 검증
2. 입력값이 4자 이하인지 검증
3. 허용하고 있는 MedDRA 버전인지 검증(최신버전)
4. 입력된 MedDRA 버전이 D.7.1.r.1a, D.8.r.6a, D.8.r.7a, D.9.2.r.1a, D.9.4.r.1a, D.10.7.1.r.1a, D.10.8.r.6a, D.10.8.r.7a, E.i.2.1a, F.r.2.2a, G.k.7.r.2a, H.3.r.1a 항목과 비교하여 동일한지 검증
5. H.3.r.1b 입력여부 검증","전체 항목검증 룰 내에 MedDRA 버전 항목에서, 화면 보고일 경우 MedDRA 최신 버전만 허용으로 되어 있습니다. 화면보고에 있어서 MedDRA 버전은 보고자가 직접 입력할 필요 없이 고정된 값으로 존재하는 것인지 문의 드립니다.",
234,H.3.r.1b,Sender's Diagnosis / Syndrome and / or Reclassification of Reaction / Event (MedDRA code),진단명 MedDRA 코드,조건부필수,"2.16.840.1.113883.3.989.2.1.1.19
2.16.840.1.113883.6.163","1. 조건부필수값으로 H.3.r.1a 항목값이 있는 경우 항목값 여부 검증
2. 입력값이 8자 이하인지 검증
3. 입력값은 숫자만 허용함
4. 입력값이 H.3.r.1a 항목에 입력된 버전의 MedDRA 코드인지 검증",H.3.r.1a,8,N,MedDRA 코드 8자리,,,"1. 조건부필수값으로 H.3.r.1a 항목값이 있는 경우 항목값 여부 검증
2. OID 비교 검증
3. 입력값이 8자 이하인지 검증
4. 입력값은 숫자만 허용함
5. 입력값이 H.3.r.1a 항목에 입력된 버전의 MedDRA 코드인지 검증
6. H.3.r.1a 입력여부 검증",,
235,H.4,Sender's Comments,보고자의 의견,비필수,2.16.840.1.113883.3.989.2.1.1.19,"1. 비필수로 입력값이 있는 경우 검증
2. 입력값이 20000자 이하 검증
3. 시판후 국내 보고 및 임상보고는 국문으로만 입력 허용영문 병용 표기 가능(시판후 국외 보고는 영문허용)",,20000,AN,자유기재,,,"1. 비필수로 입력값이 있는 경우 검증
2. 입력값이 20000자 이하 검증
3. 시판후 국내 보고 및 임상보고는 국문으로만 입력 허용영문 병용 표기 가능(시판후 국외 보고는 영문허용)",,
236,H.5.r.1a,Case Summary and Reporter’s Comments Text,원보고자의 의견,비필수,2.16.840.1.113883.3.989.2.1.1.19,"1. 비필수로 입력값이 있는 경우 검증
2. 입력값이 100000자 이하 검증",H.5.r.1b,100000,AN,자유기재,,,"1. 비필수로 입력값이 있는 경우 검증
2. 입력값이 100000자 이하 검증",,
237,H.5.r.1b,Case Summary and Reporter’s Comments Language,원보고자의 현지언어,조건부필수,1.0.639.2,"1. 조건부필수값으로 H.5.r.1a 항목에 값이 있는 경우 항목 검증
2. 입력값이 3자리 이하인지 검증
3. 입력값은 ""ISO 639-2 RA, alpha-3""에 포함된 코드만 허용함",H.5.r.1a,3,A,"ISO 639-2/RA, alpha-3",,,"1. 조건부필수값으로 H.5.r.1a 항목에 값이 있는 경우 항목 검증
2. OID 비교 검증
3. 입력값이 3자리 이하인지 검증
4. 입력값은 ""ISO 639-2 RA, alpha-3""에 포함된 코드만 허용함",,
238,-,공통,MedDRA 버전,,,1. 보고 건별 동일한 MedDRA 버전 사용 검증,"D.7.1.r.1a
D.8.r.6a, 
D.8.r.7a, 
D.9.2.r.1a, 
D.9.4.r.1a, 
D.10.7.1.r.1a, 
D.10.8.r.6a, 
D.10.8.r.7a, 
E.i.2.1a, 
F.r.2.2a, 
G.k.7.r.2a, 
H.3.r.1a",,,,,,1. 보고 건별 동일한 MedDRA 버전 사용 검증,,
